time,k,path,size_mb,delta_mb,type,desc,rss_gb,vms_gb,sys_mem_percent
2026-05-12 01:58:57,0,l:last_X,38.9953,38.9953,Population,Population,0.369,3.0186,41.2
2026-05-12 01:58:57,0,l:X,38.9953,38.9953,Population,Population,0.369,3.0186,41.2
2026-05-12 01:58:57,0,l:last_X._X_inst,38.2046,38.2046,ndarray,"ndarray shape=(100151, 100) dtype=float32",0.369,3.0186,41.2
2026-05-12 01:58:57,0,l:X._X_inst,38.2046,38.2046,ndarray,"ndarray shape=(100151, 100) dtype=float32",0.369,3.0186,41.2
2026-05-12 01:59:23,1,l:last_X,38.9954,0.0001,Population,Population,0.3547,3.0036,41.1
2026-05-12 01:59:23,1,l:X,38.9954,0.0001,Population,Population,0.3547,3.0036,41.1
2026-05-12 01:59:23,1,l:last_X._X_inst,38.2046,0.0,ndarray,"ndarray shape=(100151, 100) dtype=float32",0.3547,3.0036,41.1
2026-05-12 01:59:23,1,l:X._X_inst,38.2046,0.0,ndarray,"ndarray shape=(100151, 100) dtype=float32",0.3547,3.0036,41.1
2026-05-12 01:59:47,2,l:last_X,38.9953,-0.0001,Population,Population,0.371,3.0198,41.4
2026-05-12 01:59:47,2,l:X,38.9953,-0.0001,Population,Population,0.371,3.0198,41.4
2026-05-12 01:59:47,2,l:last_X._X_inst,38.2046,0.0,ndarray,"ndarray shape=(100151, 100) dtype=float32",0.371,3.0198,41.4
2026-05-12 01:59:47,2,l:X._X_inst,38.2046,0.0,ndarray,"ndarray shape=(100151, 100) dtype=float32",0.371,3.0198,41.4
2026-05-12 01:59:47,2,l:G,1.1162,1.1162,Grammar,Grammar,0.371,3.0198,41.4
2026-05-12 02:00:11,3,l:last_X,38.9953,0.0,Population,Population,0.3749,3.0237,41.4
2026-05-12 02:00:11,3,l:X,38.9953,0.0,Population,Population,0.3749,3.0237,41.4
2026-05-12 02:00:11,3,l:last_X._X_inst,38.2046,0.0,ndarray,"ndarray shape=(100151, 100) dtype=float32",0.3749,3.0237,41.4
2026-05-12 02:00:11,3,l:X._X_inst,38.2046,0.0,ndarray,"ndarray shape=(100151, 100) dtype=float32",0.3749,3.0237,41.4
2026-05-12 02:00:11,3,l:G,1.4282,0.312,Grammar,Grammar,0.3749,3.0237,41.4
2026-05-12 02:00:36,4,l:last_X,38.9953,0.0,Population,Population,0.369,3.0182,41.3
2026-05-12 02:00:36,4,l:X,38.9953,0.0,Population,Population,0.369,3.0182,41.3
2026-05-12 02:00:36,4,l:last_X._X_inst,38.2046,0.0,ndarray,"ndarray shape=(100151, 100) dtype=float32",0.369,3.0182,41.3
2026-05-12 02:00:36,4,l:X._X_inst,38.2046,0.0,ndarray,"ndarray shape=(100151, 100) dtype=float32",0.369,3.0182,41.3
2026-05-12 02:00:36,4,l:G,1.5904,0.1623,Grammar,Grammar,0.369,3.0182,41.3
2026-05-12 02:00:44,5,l:last_X,38.9953,-0.0,Population,Population,0.3738,3.023,41.5
2026-05-12 02:00:44,5,l:X,38.9953,-0.0,Population,Population,0.3738,3.023,41.5
2026-05-12 02:00:44,5,l:last_X._X_inst,38.2046,0.0,ndarray,"ndarray shape=(100151, 100) dtype=float32",0.3738,3.023,41.5
2026-05-12 02:00:44,5,l:X._X_inst,38.2046,0.0,ndarray,"ndarray shape=(100151, 100) dtype=float32",0.3738,3.023,41.5
2026-05-12 02:00:44,5,l:G,1.6416,0.0511,Grammar,Grammar,0.3738,3.023,41.5
2026-05-12 02:01:05,6,l:last_X,38.9953,0.0,Population,Population,0.378,3.0269,41.4
2026-05-12 02:01:05,6,l:X,38.9953,0.0,Population,Population,0.378,3.0269,41.4
2026-05-12 02:01:05,6,l:last_X._X_inst,38.2046,0.0,ndarray,"ndarray shape=(100151, 100) dtype=float32",0.378,3.0269,41.4
2026-05-12 02:01:05,6,l:X._X_inst,38.2046,0.0,ndarray,"ndarray shape=(100151, 100) dtype=float32",0.378,3.0269,41.4
2026-05-12 02:01:05,6,l:G,1.8426,0.201,Grammar,Grammar,0.378,3.0269,41.4
2026-05-12 02:01:24,7,l:last_X,38.9955,0.0001,Population,Population,0.3784,3.0269,41.4
2026-05-12 02:01:24,7,l:X,38.9955,0.0001,Population,Population,0.3784,3.0269,41.4
2026-05-12 02:01:24,7,l:last_X._X_inst,38.2046,0.0,ndarray,"ndarray shape=(100151, 100) dtype=float32",0.3784,3.0269,41.4
2026-05-12 02:01:24,7,l:X._X_inst,38.2046,0.0,ndarray,"ndarray shape=(100151, 100) dtype=float32",0.3784,3.0269,41.4
2026-05-12 02:01:24,7,l:G,2.009,0.1664,Grammar,Grammar,0.3784,3.0269,41.4
2026-05-12 02:01:43,8,l:last_X,38.9954,-0.0001,Population,Population,0.3794,3.0289,41.5
2026-05-12 02:01:43,8,l:X,38.9954,-0.0001,Population,Population,0.3794,3.0289,41.5
2026-05-12 02:01:43,8,l:last_X._X_inst,38.2046,0.0,ndarray,"ndarray shape=(100151, 100) dtype=float32",0.3794,3.0289,41.5
2026-05-12 02:01:43,8,l:X._X_inst,38.2046,0.0,ndarray,"ndarray shape=(100151, 100) dtype=float32",0.3794,3.0289,41.5
2026-05-12 02:01:43,8,l:G,2.2687,0.2597,Grammar,Grammar,0.3794,3.0289,41.5
2026-05-12 02:02:09,9,l:last_X,38.9954,0.0001,Population,Population,0.3813,3.0308,41.5
2026-05-12 02:02:09,9,l:X,38.9954,0.0001,Population,Population,0.3813,3.0308,41.5
2026-05-12 02:02:09,9,l:last_X._X_inst,38.2046,0.0,ndarray,"ndarray shape=(100151, 100) dtype=float32",0.3813,3.0308,41.5
2026-05-12 02:02:09,9,l:X._X_inst,38.2046,0.0,ndarray,"ndarray shape=(100151, 100) dtype=float32",0.3813,3.0308,41.5
2026-05-12 02:02:09,9,l:G,2.7091,0.4404,Grammar,Grammar,0.3813,3.0308,41.5
2026-05-12 02:02:09,9,l:G._MCTS_CHILDREN,1.0162,1.0162,dict,dict len=2573,0.3813,3.0308,41.5
2026-05-12 02:02:31,10,l:last_X,38.9953,-0.0001,Population,Population,0.3832,3.0318,41.6
2026-05-12 02:02:31,10,l:X,38.9953,-0.0001,Population,Population,0.3832,3.0318,41.6
2026-05-12 02:02:31,10,l:last_X._X_inst,38.2046,0.0,ndarray,"ndarray shape=(100151, 100) dtype=float32",0.3832,3.0318,41.6
2026-05-12 02:02:31,10,l:X._X_inst,38.2046,0.0,ndarray,"ndarray shape=(100151, 100) dtype=float32",0.3832,3.0318,41.6
2026-05-12 02:02:31,10,l:G,3.0476,0.3385,Grammar,Grammar,0.3832,3.0318,41.6
2026-05-12 02:02:31,10,l:G._MCTS_CHILDREN,1.1817,0.1655,dict,dict len=2832,0.3832,3.0318,41.6
2026-05-12 02:02:48,11,l:last_X,38.9953,0.0,Population,Population,0.3875,3.0369,41.6
2026-05-12 02:02:48,11,l:X,38.9953,0.0,Population,Population,0.3875,3.0369,41.6
2026-05-12 02:02:48,11,l:last_X._X_inst,38.2046,0.0,ndarray,"ndarray shape=(100151, 100) dtype=float32",0.3875,3.0369,41.6
2026-05-12 02:02:48,11,l:X._X_inst,38.2046,0.0,ndarray,"ndarray shape=(100151, 100) dtype=float32",0.3875,3.0369,41.6
2026-05-12 02:02:48,11,l:G,3.283,0.2354,Grammar,Grammar,0.3875,3.0369,41.6
2026-05-12 02:02:48,11,l:G._MCTS_CHILDREN,1.2615,0.0798,dict,dict len=3049,0.3875,3.0369,41.6
2026-05-12 02:03:17,12,l:last_X,38.9954,0.0,Population,Population,0.3876,3.0369,41.7
2026-05-12 02:03:17,12,l:X,38.9954,0.0,Population,Population,0.3876,3.0369,41.7
2026-05-12 02:03:17,12,l:last_X._X_inst,38.2046,0.0,ndarray,"ndarray shape=(100151, 100) dtype=float32",0.3876,3.0369,41.7
2026-05-12 02:03:17,12,l:X._X_inst,38.2046,0.0,ndarray,"ndarray shape=(100151, 100) dtype=float32",0.3876,3.0369,41.7
2026-05-12 02:03:17,12,l:G,3.5644,0.2813,Grammar,Grammar,0.3876,3.0369,41.7
2026-05-12 02:03:17,12,l:G._MCTS_CHILDREN,1.3903,0.1289,dict,dict len=3355,0.3876,3.0369,41.7
2026-05-12 02:03:17,12,l:histories,1.1163,1.1163,dict,dict len=37,0.3876,3.0369,41.7
2026-05-12 02:03:17,12,l:initialization_kwargs,1.0423,1.0423,dict,dict len=15,0.3876,3.0369,41.7
2026-05-12 02:03:17,12,l:initialization_kwargs['grmr_prior'],1.0407,1.0407,Grammar,Grammar,0.3876,3.0369,41.7
2026-05-12 02:03:17,12,l:histories['g_mcts_children'],1.0032,1.0032,list,list len=13,0.3876,3.0369,41.7
2026-05-12 02:03:31,13,l:last_X,38.9954,0.0,Population,Population,0.3872,3.0367,41.6
2026-05-12 02:03:31,13,l:X,38.9954,0.0,Population,Population,0.3872,3.0367,41.6
2026-05-12 02:03:31,13,l:last_X._X_inst,38.2046,0.0,ndarray,"ndarray shape=(100151, 100) dtype=float32",0.3872,3.0367,41.6
2026-05-12 02:03:31,13,l:X._X_inst,38.2046,0.0,ndarray,"ndarray shape=(100151, 100) dtype=float32",0.3872,3.0367,41.6
2026-05-12 02:03:31,13,l:G,3.6801,0.1158,Grammar,Grammar,0.3872,3.0367,41.6
2026-05-12 02:03:31,13,l:G._MCTS_CHILDREN,1.4626,0.0722,dict,dict len=3503,0.3872,3.0367,41.6
2026-05-12 02:03:31,13,l:histories,1.2713,0.155,dict,dict len=37,0.3872,3.0367,41.6
2026-05-12 02:03:31,13,l:histories['g_mcts_children'],1.1439,0.1407,list,list len=14,0.3872,3.0367,41.6
2026-05-12 02:03:31,13,l:initialization_kwargs,1.0775,0.0351,dict,dict len=15,0.3872,3.0367,41.6
2026-05-12 02:03:31,13,l:initialization_kwargs['grmr_prior'],1.0759,0.0351,Grammar,Grammar,0.3872,3.0367,41.6
2026-05-12 02:03:44,14,l:last_X,38.9952,-0.0001,Population,Population,0.389,3.0376,41.6
2026-05-12 02:03:44,14,l:X,38.9952,-0.0001,Population,Population,0.389,3.0376,41.6
2026-05-12 02:03:44,14,l:last_X._X_inst,38.2046,0.0,ndarray,"ndarray shape=(100151, 100) dtype=float32",0.389,3.0376,41.6
2026-05-12 02:03:44,14,l:X._X_inst,38.2046,0.0,ndarray,"ndarray shape=(100151, 100) dtype=float32",0.389,3.0376,41.6
2026-05-12 02:03:44,14,l:G,3.8534,0.1733,Grammar,Grammar,0.389,3.0376,41.6
2026-05-12 02:03:44,14,l:G._MCTS_CHILDREN,1.5672,0.1047,dict,dict len=3685,0.389,3.0376,41.6
2026-05-12 02:03:44,14,l:histories,1.4263,0.155,dict,dict len=37,0.389,3.0376,41.6
2026-05-12 02:03:44,14,l:histories['g_mcts_children'],1.2846,0.1407,list,list len=15,0.389,3.0376,41.6
2026-05-12 02:03:44,14,l:initialization_kwargs,1.0775,0.0,dict,dict len=15,0.389,3.0376,41.6
2026-05-12 02:03:44,14,l:initialization_kwargs['grmr_prior'],1.0759,0.0,Grammar,Grammar,0.389,3.0376,41.6
2026-05-12 02:03:53,15,l:last_X,38.9953,0.0,Population,Population,0.4059,3.0553,41.9
2026-05-12 02:03:53,15,l:X,38.9953,0.0,Population,Population,0.4059,3.0553,41.9
2026-05-12 02:03:53,15,l:last_X._X_inst,38.2046,0.0,ndarray,"ndarray shape=(100151, 100) dtype=float32",0.4059,3.0553,41.9
2026-05-12 02:03:53,15,l:X._X_inst,38.2046,0.0,ndarray,"ndarray shape=(100151, 100) dtype=float32",0.4059,3.0553,41.9
2026-05-12 02:03:53,15,l:G,3.9074,0.054,Grammar,Grammar,0.4059,3.0553,41.9
2026-05-12 02:03:53,15,l:G._MCTS_CHILDREN,1.5986,0.0314,dict,dict len=3766,0.4059,3.0553,41.9
2026-05-12 02:03:53,15,l:histories,1.5812,0.155,dict,dict len=37,0.4059,3.0553,41.9
2026-05-12 02:03:53,15,l:histories['g_mcts_children'],1.4253,0.1407,list,list len=16,0.4059,3.0553,41.9
2026-05-12 02:03:53,15,l:initialization_kwargs,1.0775,0.0,dict,dict len=15,0.4059,3.0553,41.9
2026-05-12 02:03:53,15,l:initialization_kwargs['grmr_prior'],1.0759,0.0,Grammar,Grammar,0.4059,3.0553,41.9
2026-05-12 02:04:15,16,l:last_X,38.9953,0.0,Population,Population,0.3939,3.0425,41.7
2026-05-12 02:04:15,16,l:X,38.9953,0.0,Population,Population,0.3939,3.0425,41.7
2026-05-12 02:04:15,16,l:last_X._X_inst,38.2046,0.0,ndarray,"ndarray shape=(100151, 100) dtype=float32",0.3939,3.0425,41.7
2026-05-12 02:04:15,16,l:X._X_inst,38.2046,0.0,ndarray,"ndarray shape=(100151, 100) dtype=float32",0.3939,3.0425,41.7
2026-05-12 02:04:15,16,l:G,4.0911,0.1837,Grammar,Grammar,0.3939,3.0425,41.7
2026-05-12 02:04:15,16,l:histories,1.7384,0.1571,dict,dict len=37,0.3939,3.0425,41.7
2026-05-12 02:04:15,16,l:G._MCTS_CHILDREN,1.6992,0.1006,dict,dict len=4026,0.3939,3.0425,41.7
2026-05-12 02:04:15,16,l:histories['g_mcts_children'],1.5661,0.1408,list,list len=17,0.3939,3.0425,41.7
2026-05-12 02:04:15,16,l:initialization_kwargs,1.0775,0.0,dict,dict len=15,0.3939,3.0425,41.7
2026-05-12 02:04:15,16,l:initialization_kwargs['grmr_prior'],1.0759,0.0,Grammar,Grammar,0.3939,3.0425,41.7
2026-05-12 02:04:27,17,l:last_X,38.9953,0.0,Population,Population,0.3941,3.0435,41.8
2026-05-12 02:04:27,17,l:X,38.9953,0.0,Population,Population,0.3941,3.0435,41.8
2026-05-12 02:04:27,17,l:last_X._X_inst,38.2046,0.0,ndarray,"ndarray shape=(100151, 100) dtype=float32",0.3941,3.0435,41.8
2026-05-12 02:04:27,17,l:X._X_inst,38.2046,0.0,ndarray,"ndarray shape=(100151, 100) dtype=float32",0.3941,3.0435,41.8
2026-05-12 02:04:27,17,l:G,4.1892,0.0982,Grammar,Grammar,0.3941,3.0435,41.8
2026-05-12 02:04:27,17,l:histories,1.8934,0.155,dict,dict len=37,0.3941,3.0435,41.8
2026-05-12 02:04:27,17,l:G._MCTS_CHILDREN,1.7515,0.0523,dict,dict len=4161,0.3941,3.0435,41.8
2026-05-12 02:04:27,17,l:histories['g_mcts_children'],1.7068,0.1407,list,list len=18,0.3941,3.0435,41.8
2026-05-12 02:04:27,17,l:initialization_kwargs,1.0775,0.0,dict,dict len=15,0.3941,3.0435,41.8
2026-05-12 02:04:27,17,l:initialization_kwargs['grmr_prior'],1.0759,0.0,Grammar,Grammar,0.3941,3.0435,41.8
2026-05-12 02:04:46,18,l:last_X,38.9954,0.0001,Population,Population,0.4034,3.0529,41.9
2026-05-12 02:04:46,18,l:X,38.9954,0.0001,Population,Population,0.4034,3.0529,41.9
2026-05-12 02:04:46,18,l:last_X._X_inst,38.2046,0.0,ndarray,"ndarray shape=(100151, 100) dtype=float32",0.4034,3.0529,41.9
2026-05-12 02:04:46,18,l:X._X_inst,38.2046,0.0,ndarray,"ndarray shape=(100151, 100) dtype=float32",0.4034,3.0529,41.9
2026-05-12 02:04:46,18,l:G,4.311,0.1217,Grammar,Grammar,0.4034,3.0529,41.9
2026-05-12 02:04:46,18,l:histories,2.0484,0.1551,dict,dict len=37,0.4034,3.0529,41.9
2026-05-12 02:04:46,18,l:histories['g_mcts_children'],1.8475,0.1407,list,list len=19,0.4034,3.0529,41.9
2026-05-12 02:04:46,18,l:G._MCTS_CHILDREN,1.8134,0.0619,dict,dict len=4321,0.4034,3.0529,41.9
2026-05-12 02:04:46,18,l:initialization_kwargs,1.0775,0.0,dict,dict len=15,0.4034,3.0529,41.9
2026-05-12 02:04:46,18,l:initialization_kwargs['grmr_prior'],1.0759,0.0,Grammar,Grammar,0.4034,3.0529,41.9
2026-05-12 02:05:08,19,l:last_X,38.9954,0.0,Population,Population,0.3984,3.0474,41.8
2026-05-12 02:05:08,19,l:X,38.9954,0.0,Population,Population,0.3984,3.0474,41.8
2026-05-12 02:05:08,19,l:last_X._X_inst,38.2046,0.0,ndarray,"ndarray shape=(100151, 100) dtype=float32",0.3984,3.0474,41.8
2026-05-12 02:05:08,19,l:X._X_inst,38.2046,0.0,ndarray,"ndarray shape=(100151, 100) dtype=float32",0.3984,3.0474,41.8
2026-05-12 02:05:08,19,l:G,4.8681,0.5571,Grammar,Grammar,0.3984,3.0474,41.8
2026-05-12 02:05:08,19,l:histories,2.2035,0.1551,dict,dict len=37,0.3984,3.0474,41.8
2026-05-12 02:05:08,19,l:histories['g_mcts_children'],1.9882,0.1407,list,list len=20,0.3984,3.0474,41.8
2026-05-12 02:05:08,19,l:G._MCTS_CHILDREN,1.9644,0.151,dict,dict len=4711,0.3984,3.0474,41.8
2026-05-12 02:05:08,19,l:G._MCTS_EDGE_EXPLORE_COUNT,1.2887,1.2887,dict,dict len=11191,0.3984,3.0474,41.8
2026-05-12 02:05:08,19,l:initialization_kwargs,1.0775,0.0,dict,dict len=15,0.3984,3.0474,41.8
2026-05-12 02:05:08,19,l:initialization_kwargs['grmr_prior'],1.0759,0.0,Grammar,Grammar,0.3984,3.0474,41.8
2026-05-12 02:05:38,20,l:last_X,38.9953,-0.0001,Population,Population,0.4042,3.053,41.9
2026-05-12 02:05:38,20,l:X,38.9953,-0.0001,Population,Population,0.4042,3.053,41.9
2026-05-12 02:05:38,20,l:last_X._X_inst,38.2046,0.0,ndarray,"ndarray shape=(100151, 100) dtype=float32",0.4042,3.053,41.9
2026-05-12 02:05:38,20,l:X._X_inst,38.2046,0.0,ndarray,"ndarray shape=(100151, 100) dtype=float32",0.4042,3.053,41.9
2026-05-12 02:05:38,20,l:G,5.6748,0.8067,Grammar,Grammar,0.4042,3.053,41.9
2026-05-12 02:05:38,20,l:histories,2.3586,0.155,dict,dict len=37,0.4042,3.053,41.9
2026-05-12 02:05:38,20,l:G._MCTS_CHILDREN,2.3062,0.3418,dict,dict len=5262,0.4042,3.053,41.9
2026-05-12 02:05:38,20,l:histories['g_mcts_children'],2.1289,0.1407,list,list len=21,0.4042,3.053,41.9
2026-05-12 02:05:38,20,l:G._MCTS_EDGE_EXPLORE_COUNT,1.3824,0.0936,dict,dict len=12634,0.4042,3.053,41.9
2026-05-12 02:05:38,20,l:initialization_kwargs,1.3588,0.2813,dict,dict len=15,0.4042,3.053,41.9
2026-05-12 02:05:38,20,l:initialization_kwargs['grmr_prior'],1.3571,0.2813,Grammar,Grammar,0.4042,3.053,41.9
2026-05-12 02:05:38,20,l:G._MCTS_ALPHA_EDGE_EXPLORE_COUNT,1.2036,1.2036,dict,dict len=11654,0.4042,3.053,41.9
2026-05-12 02:06:04,21,l:last_X,38.9954,0.0,Population,Population,0.4062,3.0559,42.0
2026-05-12 02:06:04,21,l:X,38.9954,0.0,Population,Population,0.4062,3.0559,42.0
2026-05-12 02:06:04,21,l:last_X._X_inst,38.2046,0.0,ndarray,"ndarray shape=(100151, 100) dtype=float32",0.4062,3.0559,42.0
2026-05-12 02:06:04,21,l:X._X_inst,38.2046,0.0,ndarray,"ndarray shape=(100151, 100) dtype=float32",0.4062,3.0559,42.0
2026-05-12 02:06:04,21,l:G,6.2303,0.5555,Grammar,Grammar,0.4062,3.0559,42.0
2026-05-12 02:06:04,21,l:histories,2.6543,0.2957,dict,dict len=37,0.4062,3.0559,42.0
2026-05-12 02:06:04,21,l:G._MCTS_CHILDREN,2.6024,0.2962,dict,dict len=5574,0.4062,3.0559,42.0
2026-05-12 02:06:04,21,l:histories['g_mcts_children'],2.4102,0.2813,list,list len=22,0.4062,3.0559,42.0
2026-05-12 02:06:04,21,l:initialization_kwargs,1.64,0.2813,dict,dict len=15,0.4062,3.0559,42.0
2026-05-12 02:06:04,21,l:initialization_kwargs['grmr_prior'],1.6384,0.2813,Grammar,Grammar,0.4062,3.0559,42.0
2026-05-12 02:06:04,21,l:G._MCTS_EDGE_EXPLORE_COUNT,1.4376,0.0552,dict,dict len=13540,0.4062,3.0559,42.0
2026-05-12 02:06:04,21,l:G._MCTS_ALPHA_EDGE_EXPLORE_COUNT,1.2407,0.0371,dict,dict len=12328,0.4062,3.0559,42.0
2026-05-12 02:06:30,22,l:last_X,38.9954,-0.0,Population,Population,0.4102,3.0591,42.1
2026-05-12 02:06:30,22,l:X,38.9954,-0.0,Population,Population,0.4102,3.0591,42.1
2026-05-12 02:06:30,22,l:last_X._X_inst,38.2046,0.0,ndarray,"ndarray shape=(100151, 100) dtype=float32",0.4102,3.0591,42.1
2026-05-12 02:06:30,22,l:X._X_inst,38.2046,0.0,ndarray,"ndarray shape=(100151, 100) dtype=float32",0.4102,3.0591,42.1
2026-05-12 02:06:30,22,l:G,6.6001,0.3698,Grammar,Grammar,0.4102,3.0591,42.1
2026-05-12 02:06:30,22,l:histories,2.95,0.2957,dict,dict len=37,0.4102,3.0591,42.1
2026-05-12 02:06:30,22,l:G._MCTS_CHILDREN,2.7374,0.135,dict,dict len=5763,0.4102,3.0591,42.1
2026-05-12 02:06:30,22,l:histories['g_mcts_children'],2.6915,0.2813,list,list len=23,0.4102,3.0591,42.1
2026-05-12 02:06:30,22,l:initialization_kwargs,1.9212,0.2812,dict,dict len=15,0.4102,3.0591,42.1
2026-05-12 02:06:30,22,l:initialization_kwargs['grmr_prior'],1.9196,0.2812,Grammar,Grammar,0.4102,3.0591,42.1
2026-05-12 02:06:30,22,l:G._MCTS_EDGE_EXPLORE_COUNT,1.4813,0.0437,dict,dict len=14158,0.4102,3.0591,42.1
2026-05-12 02:06:30,22,l:G._MCTS_ALPHA_EDGE_EXPLORE_COUNT,1.2722,0.0315,dict,dict len=12901,0.4102,3.0591,42.1
2026-05-12 02:06:39,23,l:last_X,38.9953,-0.0001,Population,Population,0.4075,3.0571,42.3
2026-05-12 02:06:39,23,l:X,38.9953,-0.0001,Population,Population,0.4075,3.0571,42.3
2026-05-12 02:06:39,23,l:last_X._X_inst,38.2046,0.0,ndarray,"ndarray shape=(100151, 100) dtype=float32",0.4075,3.0571,42.3
2026-05-12 02:06:39,23,l:X._X_inst,38.2046,0.0,ndarray,"ndarray shape=(100151, 100) dtype=float32",0.4075,3.0571,42.3
2026-05-12 02:06:39,23,l:G,6.6319,0.0318,Grammar,Grammar,0.4075,3.0571,42.3
2026-05-12 02:06:39,23,l:histories,3.2455,0.2956,dict,dict len=37,0.4075,3.0571,42.3
2026-05-12 02:06:39,23,l:histories['g_mcts_children'],2.9729,0.2813,list,list len=24,0.4075,3.0571,42.3
2026-05-12 02:06:39,23,l:G._MCTS_CHILDREN,2.7566,0.0192,dict,dict len=5808,0.4075,3.0571,42.3
2026-05-12 02:06:39,23,l:initialization_kwargs,2.0619,0.1406,dict,dict len=15,0.4075,3.0571,42.3
2026-05-12 02:06:39,23,l:initialization_kwargs['grmr_prior'],2.0602,0.1406,Grammar,Grammar,0.4075,3.0571,42.3
2026-05-12 02:06:39,23,l:G._MCTS_EDGE_EXPLORE_COUNT,1.4892,0.008,dict,dict len=14281,0.4075,3.0571,42.3
2026-05-12 02:06:39,23,l:G._MCTS_ALPHA_EDGE_EXPLORE_COUNT,1.2754,0.0032,dict,dict len=12959,0.4075,3.0571,42.3
2026-05-12 02:07:05,24,l:last_X,38.9954,0.0001,Population,Population,0.4231,3.0722,42.8
2026-05-12 02:07:05,24,l:X,38.9954,0.0001,Population,Population,0.4231,3.0722,42.8
2026-05-12 02:07:05,24,l:last_X._X_inst,38.2046,0.0,ndarray,"ndarray shape=(100151, 100) dtype=float32",0.4231,3.0722,42.8
2026-05-12 02:07:05,24,l:X._X_inst,38.2046,0.0,ndarray,"ndarray shape=(100151, 100) dtype=float32",0.4231,3.0722,42.8
2026-05-12 02:07:05,24,l:G,6.8095,0.1776,Grammar,Grammar,0.4231,3.0722,42.8
2026-05-12 02:07:05,24,l:histories,3.5443,0.2988,dict,dict len=37,0.4231,3.0722,42.8
2026-05-12 02:07:05,24,l:histories['g_mcts_children'],3.2543,0.2814,list,list len=25,0.4231,3.0722,42.8
2026-05-12 02:07:05,24,l:G._MCTS_CHILDREN,2.8448,0.0882,dict,dict len=6015,0.4231,3.0722,42.8
2026-05-12 02:07:05,24,l:initialization_kwargs,2.0619,0.0,dict,dict len=15,0.4231,3.0722,42.8
2026-05-12 02:07:05,24,l:initialization_kwargs['grmr_prior'],2.0602,0.0,Grammar,Grammar,0.4231,3.0722,42.8
2026-05-12 02:07:05,24,l:G._MCTS_EDGE_EXPLORE_COUNT,1.5314,0.0422,dict,dict len=14870,0.4231,3.0722,42.8
2026-05-12 02:07:05,24,l:G._MCTS_ALPHA_EDGE_EXPLORE_COUNT,1.3056,0.0301,dict,dict len=13507,0.4231,3.0722,42.8
2026-05-12 02:07:39,25,l:last_X,38.9955,0.0001,Population,Population,0.4253,3.0742,42.8
2026-05-12 02:07:39,25,l:X,38.9955,0.0001,Population,Population,0.4253,3.0742,42.8
2026-05-12 02:07:39,25,l:last_X._X_inst,38.2046,0.0,ndarray,"ndarray shape=(100151, 100) dtype=float32",0.4253,3.0742,42.8
2026-05-12 02:07:39,25,l:X._X_inst,38.2046,0.0,ndarray,"ndarray shape=(100151, 100) dtype=float32",0.4253,3.0742,42.8
2026-05-12 02:07:39,25,l:G,7.2085,0.399,Grammar,Grammar,0.4253,3.0742,42.8
2026-05-12 02:07:39,25,l:histories,3.8535,0.3092,dict,dict len=37,0.4253,3.0742,42.8
2026-05-12 02:07:39,25,l:histories['g_mcts_children'],3.5356,0.2813,list,list len=26,0.4253,3.0742,42.8
2026-05-12 02:07:39,25,l:G._MCTS_CHILDREN,3.0515,0.2067,dict,dict len=6500,0.4253,3.0742,42.8
2026-05-12 02:07:39,25,l:initialization_kwargs,2.0634,0.0015,dict,dict len=15,0.4253,3.0742,42.8
2026-05-12 02:07:39,25,l:initialization_kwargs['grmr_prior'],2.0618,0.0015,Grammar,Grammar,0.4253,3.0742,42.8
2026-05-12 02:07:39,25,l:G._MCTS_EDGE_EXPLORE_COUNT,1.6088,0.0773,dict,dict len=16257,0.4253,3.0742,42.8
2026-05-12 02:07:39,25,l:G._MCTS_ALPHA_EDGE_EXPLORE_COUNT,1.3508,0.0453,dict,dict len=14330,0.4253,3.0742,42.8
2026-05-12 02:08:07,26,l:last_X,38.9954,-0.0001,Population,Population,0.4291,3.079,42.9
2026-05-12 02:08:07,26,l:X,38.9954,-0.0001,Population,Population,0.4291,3.079,42.9
2026-05-12 02:08:07,26,l:last_X._X_inst,38.2046,0.0,ndarray,"ndarray shape=(100151, 100) dtype=float32",0.4291,3.079,42.9
2026-05-12 02:08:07,26,l:X._X_inst,38.2046,0.0,ndarray,"ndarray shape=(100151, 100) dtype=float32",0.4291,3.079,42.9
2026-05-12 02:08:07,26,l:G,7.4203,0.2118,Grammar,Grammar,0.4291,3.079,42.9
2026-05-12 02:08:07,26,l:histories,4.1626,0.3091,dict,dict len=37,0.4291,3.079,42.9
2026-05-12 02:08:07,26,l:histories['g_mcts_children'],3.8169,0.2813,list,list len=27,0.4291,3.079,42.9
2026-05-12 02:08:07,26,l:G._MCTS_CHILDREN,3.1593,0.1078,dict,dict len=6753,0.4291,3.079,42.9
2026-05-12 02:08:07,26,l:initialization_kwargs,2.0819,0.0185,dict,dict len=15,0.4291,3.079,42.9
2026-05-12 02:08:07,26,l:initialization_kwargs['grmr_prior'],2.0803,0.0185,Grammar,Grammar,0.4291,3.079,42.9
2026-05-12 02:08:07,26,l:G._MCTS_EDGE_EXPLORE_COUNT,1.6585,0.0497,dict,dict len=17030,0.4291,3.079,42.9
2026-05-12 02:08:07,26,l:G._MCTS_ALPHA_EDGE_EXPLORE_COUNT,1.3843,0.0335,dict,dict len=14939,0.4291,3.079,42.9
2026-05-12 02:08:18,27,l:last_X,38.9954,0.0,Population,Population,0.4311,3.0809,43.0
2026-05-12 02:08:18,27,l:X,38.9954,0.0,Population,Population,0.4311,3.0809,43.0
2026-05-12 02:08:18,27,l:last_X._X_inst,38.2046,0.0,ndarray,"ndarray shape=(100151, 100) dtype=float32",0.4311,3.0809,43.0
2026-05-12 02:08:18,27,l:X._X_inst,38.2046,0.0,ndarray,"ndarray shape=(100151, 100) dtype=float32",0.4311,3.0809,43.0
2026-05-12 02:08:18,27,l:G,7.4611,0.0408,Grammar,Grammar,0.4311,3.0809,43.0
2026-05-12 02:08:18,27,l:histories,4.4716,0.309,dict,dict len=37,0.4311,3.0809,43.0
2026-05-12 02:08:18,27,l:histories['g_mcts_children'],4.0982,0.2813,list,list len=28,0.4311,3.0809,43.0
2026-05-12 02:08:18,27,l:G._MCTS_CHILDREN,3.1866,0.0273,dict,dict len=6817,0.4311,3.0809,43.0
2026-05-12 02:08:18,27,l:initialization_kwargs,2.0819,0.0,dict,dict len=15,0.4311,3.0809,43.0
2026-05-12 02:08:18,27,l:initialization_kwargs['grmr_prior'],2.0803,0.0,Grammar,Grammar,0.4311,3.0809,43.0
2026-05-12 02:08:18,27,l:G._MCTS_EDGE_EXPLORE_COUNT,1.6699,0.0114,dict,dict len=17207,0.4311,3.0809,43.0
2026-05-12 02:08:18,27,l:G._MCTS_ALPHA_EDGE_EXPLORE_COUNT,1.3928,0.0085,dict,dict len=15020,0.4311,3.0809,43.0
2026-05-12 02:08:40,28,l:last_X,38.9953,-0.0001,Population,Population,0.4338,3.0829,42.9
2026-05-12 02:08:40,28,l:X,38.9953,-0.0001,Population,Population,0.4338,3.0829,42.9
2026-05-12 02:08:40,28,l:last_X._X_inst,38.2046,0.0,ndarray,"ndarray shape=(100151, 100) dtype=float32",0.4338,3.0829,42.9
2026-05-12 02:08:40,28,l:X._X_inst,38.2046,0.0,ndarray,"ndarray shape=(100151, 100) dtype=float32",0.4338,3.0829,42.9
2026-05-12 02:08:40,28,l:G,7.6276,0.1665,Grammar,Grammar,0.4338,3.0829,42.9
2026-05-12 02:08:40,28,l:histories,4.7806,0.309,dict,dict len=37,0.4338,3.0829,42.9
2026-05-12 02:08:40,28,l:histories['g_mcts_children'],4.3796,0.2813,list,list len=29,0.4338,3.0829,42.9
2026-05-12 02:08:40,28,l:G._MCTS_CHILDREN,3.2633,0.0767,dict,dict len=6997,0.4338,3.0829,42.9
2026-05-12 02:08:40,28,l:initialization_kwargs,2.0819,0.0,dict,dict len=15,0.4338,3.0829,42.9
2026-05-12 02:08:40,28,l:initialization_kwargs['grmr_prior'],2.0803,0.0,Grammar,Grammar,0.4338,3.0829,42.9
2026-05-12 02:08:40,28,l:G._MCTS_EDGE_EXPLORE_COUNT,1.709,0.039,dict,dict len=17740,0.4338,3.0829,42.9
2026-05-12 02:08:40,28,l:G._MCTS_ALPHA_EDGE_EXPLORE_COUNT,1.4114,0.0185,dict,dict len=15430,0.4338,3.0829,42.9
2026-05-12 02:09:05,29,l:last_X,38.9953,0.0,Population,Population,0.4358,3.0848,43.0
2026-05-12 02:09:05,29,l:X,38.9953,0.0,Population,Population,0.4358,3.0848,43.0
2026-05-12 02:09:05,29,l:last_X._X_inst,38.2046,0.0,ndarray,"ndarray shape=(100151, 100) dtype=float32",0.4358,3.0848,43.0
2026-05-12 02:09:05,29,l:X._X_inst,38.2046,0.0,ndarray,"ndarray shape=(100151, 100) dtype=float32",0.4358,3.0848,43.0
2026-05-12 02:09:05,29,l:G,7.8407,0.2131,Grammar,Grammar,0.4358,3.0848,43.0
2026-05-12 02:09:05,29,l:histories,5.0897,0.3091,dict,dict len=37,0.4358,3.0848,43.0
2026-05-12 02:09:05,29,l:histories['g_mcts_children'],4.6609,0.2813,list,list len=30,0.4358,3.0848,43.0
2026-05-12 02:09:05,29,l:G._MCTS_CHILDREN,3.3732,0.11,dict,dict len=7255,0.4358,3.0848,43.0
2026-05-12 02:09:05,29,l:initialization_kwargs,2.0819,0.0,dict,dict len=15,0.4358,3.0848,43.0
2026-05-12 02:09:05,29,l:initialization_kwargs['grmr_prior'],2.0803,0.0,Grammar,Grammar,0.4358,3.0848,43.0
2026-05-12 02:09:05,29,l:G._MCTS_EDGE_EXPLORE_COUNT,1.768,0.0591,dict,dict len=18501,0.4358,3.0848,43.0
2026-05-12 02:09:05,29,l:G._MCTS_ALPHA_EDGE_EXPLORE_COUNT,1.4435,0.0321,dict,dict len=16014,0.4358,3.0848,43.0
2026-05-12 02:09:32,30,l:last_X,38.9954,0.0001,Population,Population,0.4382,3.0877,43.0
2026-05-12 02:09:32,30,l:X,38.9954,0.0001,Population,Population,0.4382,3.0877,43.0
2026-05-12 02:09:32,30,l:last_X._X_inst,38.2046,0.0,ndarray,"ndarray shape=(100151, 100) dtype=float32",0.4382,3.0877,43.0
2026-05-12 02:09:32,30,l:X._X_inst,38.2046,0.0,ndarray,"ndarray shape=(100151, 100) dtype=float32",0.4382,3.0877,43.0
2026-05-12 02:09:32,30,l:G,8.0546,0.2139,Grammar,Grammar,0.4382,3.0877,43.0
2026-05-12 02:09:32,30,l:histories,5.3988,0.3091,dict,dict len=37,0.4382,3.0877,43.0
2026-05-12 02:09:32,30,l:histories['g_mcts_children'],4.9422,0.2813,list,list len=31,0.4382,3.0877,43.0
2026-05-12 02:09:32,30,l:G._MCTS_CHILDREN,3.4495,0.0763,dict,dict len=7434,0.4382,3.0877,43.0
2026-05-12 02:09:32,30,l:initialization_kwargs,2.0819,0.0,dict,dict len=15,0.4382,3.0877,43.0
2026-05-12 02:09:32,30,l:initialization_kwargs['grmr_prior'],2.0803,0.0,Grammar,Grammar,0.4382,3.0877,43.0
2026-05-12 02:09:32,30,l:G._MCTS_EDGE_EXPLORE_COUNT,1.809,0.041,dict,dict len=19052,0.4382,3.0877,43.0
2026-05-12 02:09:32,30,l:G._MCTS_ALPHA_EDGE_EXPLORE_COUNT,1.4734,0.0299,dict,dict len=16558,0.4382,3.0877,43.0
2026-05-12 02:09:43,31,l:last_X,38.9954,-0.0,Population,Population,0.4611,3.1112,43.4
2026-05-12 02:09:43,31,l:X,38.9954,-0.0,Population,Population,0.4611,3.1112,43.4
2026-05-12 02:09:43,31,l:last_X._X_inst,38.2046,0.0,ndarray,"ndarray shape=(100151, 100) dtype=float32",0.4611,3.1112,43.4
2026-05-12 02:09:43,31,l:X._X_inst,38.2046,0.0,ndarray,"ndarray shape=(100151, 100) dtype=float32",0.4611,3.1112,43.4
2026-05-12 02:09:43,31,l:G,8.1009,0.0464,Grammar,Grammar,0.4611,3.1112,43.4
2026-05-12 02:09:43,31,l:histories,5.7078,0.309,dict,dict len=37,0.4611,3.1112,43.4
2026-05-12 02:09:43,31,l:histories['g_mcts_children'],5.2235,0.2813,list,list len=32,0.4611,3.1112,43.4
2026-05-12 02:09:43,31,l:G._MCTS_CHILDREN,3.4751,0.0256,dict,dict len=7494,0.4611,3.1112,43.4
2026-05-12 02:09:43,31,l:initialization_kwargs,2.1523,0.0703,dict,dict len=15,0.4611,3.1112,43.4
2026-05-12 02:09:43,31,l:initialization_kwargs['grmr_prior'],2.1506,0.0703,Grammar,Grammar,0.4611,3.1112,43.4
2026-05-12 02:09:43,31,l:G._MCTS_EDGE_EXPLORE_COUNT,1.8197,0.0107,dict,dict len=19215,0.4611,3.1112,43.4
2026-05-12 02:09:43,31,l:G._MCTS_ALPHA_EDGE_EXPLORE_COUNT,1.4798,0.0064,dict,dict len=16674,0.4611,3.1112,43.4
2026-05-12 02:10:03,32,l:last_X,38.9953,-0.0001,Population,Population,0.4565,3.1057,43.2
2026-05-12 02:10:03,32,l:X,38.9953,-0.0001,Population,Population,0.4565,3.1057,43.2
2026-05-12 02:10:03,32,l:last_X._X_inst,38.2046,0.0,ndarray,"ndarray shape=(100151, 100) dtype=float32",0.4565,3.1057,43.2
2026-05-12 02:10:03,32,l:X._X_inst,38.2046,0.0,ndarray,"ndarray shape=(100151, 100) dtype=float32",0.4565,3.1057,43.2
2026-05-12 02:10:03,32,l:G,8.2851,0.1842,Grammar,Grammar,0.4565,3.1057,43.2
2026-05-12 02:10:03,32,l:histories,6.0189,0.3111,dict,dict len=37,0.4565,3.1057,43.2
2026-05-12 02:10:03,32,l:histories['g_mcts_children'],5.5049,0.2814,list,list len=33,0.4565,3.1057,43.2
2026-05-12 02:10:03,32,l:G._MCTS_CHILDREN,3.5744,0.0993,dict,dict len=7727,0.4565,3.1057,43.2
2026-05-12 02:10:03,32,l:initialization_kwargs,2.1523,0.0,dict,dict len=15,0.4565,3.1057,43.2
2026-05-12 02:10:03,32,l:initialization_kwargs['grmr_prior'],2.1506,0.0,Grammar,Grammar,0.4565,3.1057,43.2
2026-05-12 02:10:03,32,l:G._MCTS_EDGE_EXPLORE_COUNT,1.8597,0.04,dict,dict len=19827,0.4565,3.1057,43.2
2026-05-12 02:10:03,32,l:G._MCTS_ALPHA_EDGE_EXPLORE_COUNT,1.5006,0.0208,dict,dict len=17052,0.4565,3.1057,43.2
2026-05-12 02:10:23,33,l:last_X,38.9953,0.0,Population,Population,0.4594,3.1086,43.3
2026-05-12 02:10:23,33,l:X,38.9953,0.0,Population,Population,0.4594,3.1086,43.3
2026-05-12 02:10:23,33,l:last_X._X_inst,38.2046,0.0,ndarray,"ndarray shape=(100151, 100) dtype=float32",0.4594,3.1086,43.3
2026-05-12 02:10:23,33,l:X._X_inst,38.2046,0.0,ndarray,"ndarray shape=(100151, 100) dtype=float32",0.4594,3.1086,43.3
2026-05-12 02:10:23,33,l:G,8.3856,0.1005,Grammar,Grammar,0.4594,3.1086,43.3
2026-05-12 02:10:23,33,l:histories,6.328,0.3091,dict,dict len=37,0.4594,3.1086,43.3
2026-05-12 02:10:23,33,l:histories['g_mcts_children'],5.7863,0.2813,list,list len=34,0.4594,3.1086,43.3
2026-05-12 02:10:23,33,l:G._MCTS_CHILDREN,3.6157,0.0413,dict,dict len=7824,0.4594,3.1086,43.3
2026-05-12 02:10:23,33,l:initialization_kwargs,2.1522,-0.0,dict,dict len=15,0.4594,3.1086,43.3
2026-05-12 02:10:23,33,l:initialization_kwargs['grmr_prior'],2.1506,0.0,Grammar,Grammar,0.4594,3.1086,43.3
2026-05-12 02:10:23,33,l:G._MCTS_EDGE_EXPLORE_COUNT,1.8806,0.0209,dict,dict len=20146,0.4594,3.1086,43.3
2026-05-12 02:10:23,33,l:G._MCTS_ALPHA_EDGE_EXPLORE_COUNT,1.517,0.0164,dict,dict len=17351,0.4594,3.1086,43.3
2026-05-12 02:10:23,33,l:alpha_sensor_by_ctx,1.0053,1.0053,dict,dict len=5321,0.4594,3.1086,43.3
2026-05-12 02:10:34,34,l:last_X,38.9953,-0.0001,Population,Population,0.4728,3.1221,43.6
2026-05-12 02:10:34,34,l:X,38.9953,-0.0001,Population,Population,0.4728,3.1221,43.6
2026-05-12 02:10:34,34,l:last_X._X_inst,38.2046,0.0,ndarray,"ndarray shape=(100151, 100) dtype=float32",0.4728,3.1221,43.6
2026-05-12 02:10:34,34,l:X._X_inst,38.2046,0.0,ndarray,"ndarray shape=(100151, 100) dtype=float32",0.4728,3.1221,43.6
2026-05-12 02:10:34,34,l:G,8.4312,0.0455,Grammar,Grammar,0.4728,3.1221,43.6
2026-05-12 02:10:34,34,l:histories,6.6369,0.309,dict,dict len=37,0.4728,3.1221,43.6
2026-05-12 02:10:34,34,l:histories['g_mcts_children'],6.0676,0.2813,list,list len=35,0.4728,3.1221,43.6
2026-05-12 02:10:34,34,l:G._MCTS_CHILDREN,3.6426,0.0268,dict,dict len=7887,0.4728,3.1221,43.6
2026-05-12 02:10:34,34,l:initialization_kwargs,2.1523,0.0,dict,dict len=15,0.4728,3.1221,43.6
2026-05-12 02:10:34,34,l:initialization_kwargs['grmr_prior'],2.1506,0.0,Grammar,Grammar,0.4728,3.1221,43.6
2026-05-12 02:10:34,34,l:G._MCTS_EDGE_EXPLORE_COUNT,1.8916,0.011,dict,dict len=20314,0.4728,3.1221,43.6
2026-05-12 02:10:34,34,l:G._MCTS_ALPHA_EDGE_EXPLORE_COUNT,1.5226,0.0056,dict,dict len=17452,0.4728,3.1221,43.6
2026-05-12 02:10:34,34,l:alpha_sensor_by_ctx,1.0135,0.0083,dict,dict len=5372,0.4728,3.1221,43.6
2026-05-12 02:10:53,35,l:last_X,38.9954,0.0001,Population,Population,0.4642,3.1135,43.9
2026-05-12 02:10:53,35,l:X,38.9954,0.0001,Population,Population,0.4642,3.1135,43.9
2026-05-12 02:10:53,35,l:last_X._X_inst,38.2046,0.0,ndarray,"ndarray shape=(100151, 100) dtype=float32",0.4642,3.1135,43.9
2026-05-12 02:10:53,35,l:X._X_inst,38.2046,0.0,ndarray,"ndarray shape=(100151, 100) dtype=float32",0.4642,3.1135,43.9
2026-05-12 02:10:53,35,l:G,8.5662,0.1351,Grammar,Grammar,0.4642,3.1135,43.9
2026-05-12 02:10:53,35,l:histories,6.9459,0.309,dict,dict len=37,0.4642,3.1135,43.9
2026-05-12 02:10:53,35,l:histories['g_mcts_children'],6.3489,0.2813,list,list len=36,0.4642,3.1135,43.9
2026-05-12 02:10:53,35,l:G._MCTS_CHILDREN,3.7193,0.0767,dict,dict len=8067,0.4642,3.1135,43.9
2026-05-12 02:10:53,35,l:initialization_kwargs,2.1523,0.0,dict,dict len=15,0.4642,3.1135,43.9
2026-05-12 02:10:53,35,l:initialization_kwargs['grmr_prior'],2.1506,0.0,Grammar,Grammar,0.4642,3.1135,43.9
2026-05-12 02:10:53,35,l:G._MCTS_EDGE_EXPLORE_COUNT,1.9281,0.0365,dict,dict len=20787,0.4642,3.1135,43.9
2026-05-12 02:10:53,35,l:G._MCTS_ALPHA_EDGE_EXPLORE_COUNT,1.5424,0.0198,dict,dict len=17812,0.4642,3.1135,43.9
2026-05-12 02:10:53,35,l:alpha_sensor_by_ctx,1.1764,0.1629,dict,dict len=5509,0.4642,3.1135,43.9
2026-05-12 02:11:24,36,l:last_X,38.9954,0.0,Population,Population,0.4661,3.1155,47.0
2026-05-12 02:11:24,36,l:X,38.9954,0.0,Population,Population,0.4661,3.1155,47.0
2026-05-12 02:11:24,36,l:last_X._X_inst,38.2046,0.0,ndarray,"ndarray shape=(100151, 100) dtype=float32",0.4661,3.1155,47.0
2026-05-12 02:11:24,36,l:X._X_inst,38.2046,0.0,ndarray,"ndarray shape=(100151, 100) dtype=float32",0.4661,3.1155,47.0
2026-05-12 02:11:24,36,l:G,8.7153,0.1491,Grammar,Grammar,0.4661,3.1155,47.0
2026-05-12 02:11:24,36,l:histories,7.255,0.3091,dict,dict len=37,0.4661,3.1155,47.0
2026-05-12 02:11:24,36,l:histories['g_mcts_children'],6.6302,0.2813,list,list len=37,0.4661,3.1155,47.0
2026-05-12 02:11:24,36,l:G._MCTS_CHILDREN,3.7973,0.078,dict,dict len=8250,0.4661,3.1155,47.0
2026-05-12 02:11:24,36,l:initialization_kwargs,2.1523,0.0,dict,dict len=15,0.4661,3.1155,47.0
2026-05-12 02:11:24,36,l:initialization_kwargs['grmr_prior'],2.1506,0.0,Grammar,Grammar,0.4661,3.1155,47.0
2026-05-12 02:11:24,36,l:G._MCTS_EDGE_EXPLORE_COUNT,1.9596,0.0315,dict,dict len=21354,0.4661,3.1155,47.0
2026-05-12 02:11:24,36,l:G._MCTS_ALPHA_EDGE_EXPLORE_COUNT,1.5685,0.0261,dict,dict len=18287,0.4661,3.1155,47.0
2026-05-12 02:11:24,36,l:alpha_sensor_by_ctx,1.2019,0.0255,dict,dict len=5666,0.4661,3.1155,47.0
2026-05-12 02:11:24,36,l:G._MCTS_NODE_EXPLORE_COUNT,1.0105,1.0105,dict,dict len=8250,0.4661,3.1155,47.0
2026-05-12 02:11:48,37,l:last_X,38.9954,0.0,Population,Population,0.4691,3.1194,47.0
2026-05-12 02:11:48,37,l:X,38.9954,0.0,Population,Population,0.4691,3.1194,47.0
2026-05-12 02:11:48,37,l:last_X._X_inst,38.2046,0.0,ndarray,"ndarray shape=(100151, 100) dtype=float32",0.4691,3.1194,47.0
2026-05-12 02:11:48,37,l:X._X_inst,38.2046,0.0,ndarray,"ndarray shape=(100151, 100) dtype=float32",0.4691,3.1194,47.0
2026-05-12 02:11:48,37,l:G,8.8226,0.1072,Grammar,Grammar,0.4691,3.1194,47.0
2026-05-12 02:11:48,37,l:histories,7.5641,0.3091,dict,dict len=37,0.4691,3.1194,47.0
2026-05-12 02:11:48,37,l:histories['g_mcts_children'],6.9116,0.2813,list,list len=38,0.4691,3.1194,47.0
2026-05-12 02:11:48,37,l:G._MCTS_CHILDREN,3.8497,0.0524,dict,dict len=8373,0.4691,3.1194,47.0
2026-05-12 02:11:48,37,l:initialization_kwargs,2.1523,0.0,dict,dict len=15,0.4691,3.1194,47.0
2026-05-12 02:11:48,37,l:initialization_kwargs['grmr_prior'],2.1506,0.0,Grammar,Grammar,0.4691,3.1194,47.0
2026-05-12 02:11:48,37,l:G._MCTS_EDGE_EXPLORE_COUNT,1.9856,0.026,dict,dict len=21751,0.4691,3.1194,47.0
2026-05-12 02:11:48,37,l:G._MCTS_ALPHA_EDGE_EXPLORE_COUNT,1.5902,0.0217,dict,dict len=18681,0.4691,3.1194,47.0
2026-05-12 02:11:48,37,l:alpha_sensor_by_ctx,1.2187,0.0168,dict,dict len=5764,0.4691,3.1194,47.0
2026-05-12 02:11:48,37,l:G._MCTS_NODE_EXPLORE_COUNT,1.0192,0.0086,dict,dict len=8373,0.4691,3.1194,47.0
2026-05-12 02:12:16,38,l:last_X,38.9953,-0.0001,Population,Population,0.4719,3.1213,42.2
2026-05-12 02:12:16,38,l:X,38.9953,-0.0001,Population,Population,0.4719,3.1213,42.2
2026-05-12 02:12:16,38,l:last_X._X_inst,38.2046,0.0,ndarray,"ndarray shape=(100151, 100) dtype=float32",0.4719,3.1213,42.2
2026-05-12 02:12:16,38,l:X._X_inst,38.2046,0.0,ndarray,"ndarray shape=(100151, 100) dtype=float32",0.4719,3.1213,42.2
2026-05-12 02:12:16,38,l:G,9.6784,0.8558,Grammar,Grammar,0.4719,3.1213,42.2
2026-05-12 02:12:16,38,l:histories,7.8731,0.309,dict,dict len=37,0.4719,3.1213,42.2
2026-05-12 02:12:16,38,l:histories['g_mcts_children'],7.1929,0.2813,list,list len=39,0.4719,3.1213,42.2
2026-05-12 02:12:16,38,l:G._MCTS_CHILDREN,3.9234,0.0737,dict,dict len=8546,0.4719,3.1213,42.2
2026-05-12 02:12:16,38,l:initialization_kwargs,2.8397,0.6875,dict,dict len=15,0.4719,3.1213,42.2
2026-05-12 02:12:16,38,l:initialization_kwargs['grmr_prior'],2.8381,0.6875,Grammar,Grammar,0.4719,3.1213,42.2
2026-05-12 02:12:16,38,l:G._MCTS_EDGE_EXPLORE_COUNT,2.7111,0.7255,dict,dict len=22332,0.4719,3.1213,42.2
2026-05-12 02:12:16,38,l:G._MCTS_ALPHA_EDGE_EXPLORE_COUNT,1.6221,0.032,dict,dict len=19262,0.4719,3.1213,42.2
2026-05-12 02:12:16,38,l:alpha_sensor_by_ctx,1.2413,0.0226,dict,dict len=5903,0.4719,3.1213,42.2
2026-05-12 02:12:16,38,l:G._MCTS_NODE_EXPLORE_COUNT,1.039,0.0198,dict,dict len=8546,0.4719,3.1213,42.2
2026-05-12 02:12:43,39,l:last_X,38.9953,-0.0,Population,Population,0.4758,3.1252,42.3
2026-05-12 02:12:43,39,l:X,38.9953,-0.0,Population,Population,0.4758,3.1252,42.3
2026-05-12 02:12:43,39,l:last_X._X_inst,38.2046,0.0,ndarray,"ndarray shape=(100151, 100) dtype=float32",0.4758,3.1252,42.3
2026-05-12 02:12:43,39,l:X._X_inst,38.2046,0.0,ndarray,"ndarray shape=(100151, 100) dtype=float32",0.4758,3.1252,42.3
2026-05-12 02:12:43,39,l:G,9.8633,0.1849,Grammar,Grammar,0.4758,3.1252,42.3
2026-05-12 02:12:43,39,l:histories,8.1822,0.309,dict,dict len=37,0.4758,3.1252,42.3
2026-05-12 02:12:43,39,l:histories['g_mcts_children'],7.4742,0.2813,list,list len=40,0.4758,3.1252,42.3
2026-05-12 02:12:43,39,l:G._MCTS_CHILDREN,4.0181,0.0946,dict,dict len=8768,0.4758,3.1252,42.3
2026-05-12 02:12:43,39,l:initialization_kwargs,2.8397,0.0,dict,dict len=15,0.4758,3.1252,42.3
2026-05-12 02:12:43,39,l:initialization_kwargs['grmr_prior'],2.8381,0.0,Grammar,Grammar,0.4758,3.1252,42.3
2026-05-12 02:12:43,39,l:G._MCTS_EDGE_EXPLORE_COUNT,2.7541,0.043,dict,dict len=22989,0.4758,3.1252,42.3
2026-05-12 02:12:43,39,l:G._MCTS_ALPHA_EDGE_EXPLORE_COUNT,1.6532,0.0311,dict,dict len=19827,0.4758,3.1252,42.3
2026-05-12 02:12:43,39,l:alpha_sensor_by_ctx,1.2706,0.0293,dict,dict len=6083,0.4758,3.1252,42.3
2026-05-12 02:12:43,39,l:G._MCTS_NODE_EXPLORE_COUNT,1.0563,0.0173,dict,dict len=8768,0.4758,3.1252,42.3
2026-05-12 02:13:07,40,l:last_X,38.9954,0.0001,Population,Population,0.4786,3.1282,42.3
2026-05-12 02:13:07,40,l:X,38.9954,0.0001,Population,Population,0.4786,3.1282,42.3
2026-05-12 02:13:07,40,l:last_X._X_inst,38.2046,0.0,ndarray,"ndarray shape=(100151, 100) dtype=float32",0.4786,3.1282,42.3
2026-05-12 02:13:07,40,l:X._X_inst,38.2046,0.0,ndarray,"ndarray shape=(100151, 100) dtype=float32",0.4786,3.1282,42.3
2026-05-12 02:13:07,40,l:G,9.9807,0.1174,Grammar,Grammar,0.4786,3.1282,42.3
2026-05-12 02:13:07,40,l:histories,8.4944,0.3122,dict,dict len=37,0.4786,3.1282,42.3
2026-05-12 02:13:07,40,l:histories['g_mcts_children'],7.7556,0.2814,list,list len=41,0.4786,3.1282,42.3
2026-05-12 02:13:07,40,l:G._MCTS_CHILDREN,4.07,0.052,dict,dict len=8890,0.4786,3.1282,42.3
2026-05-12 02:13:07,40,l:initialization_kwargs,2.8397,0.0,dict,dict len=15,0.4786,3.1282,42.3
2026-05-12 02:13:07,40,l:initialization_kwargs['grmr_prior'],2.8381,0.0,Grammar,Grammar,0.4786,3.1282,42.3
2026-05-12 02:13:07,40,l:G._MCTS_EDGE_EXPLORE_COUNT,2.7803,0.0262,dict,dict len=23390,0.4786,3.1282,42.3
2026-05-12 02:13:07,40,l:G._MCTS_ALPHA_EDGE_EXPLORE_COUNT,1.6753,0.0221,dict,dict len=20229,0.4786,3.1282,42.3
2026-05-12 02:13:07,40,l:alpha_sensor_by_ctx,1.2857,0.0151,dict,dict len=6176,0.4786,3.1282,42.3
2026-05-12 02:13:07,40,l:G._MCTS_NODE_EXPLORE_COUNT,1.0695,0.0132,dict,dict len=8890,0.4786,3.1282,42.3
2026-05-12 02:13:32,41,l:last_X,38.9953,-0.0,Population,Population,0.4814,3.1311,42.4
2026-05-12 02:13:32,41,l:X,38.9953,-0.0,Population,Population,0.4814,3.1311,42.4
2026-05-12 02:13:32,41,l:last_X._X_inst,38.2046,0.0,ndarray,"ndarray shape=(100151, 100) dtype=float32",0.4814,3.1311,42.4
2026-05-12 02:13:32,41,l:X._X_inst,38.2046,0.0,ndarray,"ndarray shape=(100151, 100) dtype=float32",0.4814,3.1311,42.4
2026-05-12 02:13:32,41,l:G,10.093,0.1123,Grammar,Grammar,0.4814,3.1311,42.4
2026-05-12 02:13:32,41,l:histories,8.8036,0.3092,dict,dict len=37,0.4814,3.1311,42.4
2026-05-12 02:13:32,41,l:histories['g_mcts_children'],8.037,0.2813,list,list len=42,0.4814,3.1311,42.4
2026-05-12 02:13:32,41,l:G._MCTS_CHILDREN,4.1293,0.0592,dict,dict len=9029,0.4814,3.1311,42.4
2026-05-12 02:13:32,41,l:initialization_kwargs,2.8397,0.0,dict,dict len=15,0.4814,3.1311,42.4
2026-05-12 02:13:32,41,l:initialization_kwargs['grmr_prior'],2.8381,0.0,Grammar,Grammar,0.4814,3.1311,42.4
2026-05-12 02:13:32,41,l:G._MCTS_EDGE_EXPLORE_COUNT,2.8073,0.027,dict,dict len=23803,0.4814,3.1311,42.4
2026-05-12 02:13:32,41,l:G._MCTS_ALPHA_EDGE_EXPLORE_COUNT,1.7032,0.0279,dict,dict len=20636,0.4814,3.1311,42.4
2026-05-12 02:13:32,41,l:alpha_sensor_by_ctx,1.3059,0.0201,dict,dict len=6288,0.4814,3.1311,42.4
2026-05-12 02:13:32,41,l:G._MCTS_NODE_EXPLORE_COUNT,1.0794,0.0099,dict,dict len=9029,0.4814,3.1311,42.4
2026-05-12 02:13:55,42,l:last_X,38.9953,-0.0,Population,Population,0.4834,3.1331,42.5
2026-05-12 02:13:55,42,l:X,38.9953,-0.0,Population,Population,0.4834,3.1331,42.5
2026-05-12 02:13:55,42,l:last_X._X_inst,38.2046,0.0,ndarray,"ndarray shape=(100151, 100) dtype=float32",0.4834,3.1331,42.5
2026-05-12 02:13:55,42,l:X._X_inst,38.2046,0.0,ndarray,"ndarray shape=(100151, 100) dtype=float32",0.4834,3.1331,42.5
2026-05-12 02:13:55,42,l:G,10.2247,0.1317,Grammar,Grammar,0.4834,3.1331,42.5
2026-05-12 02:13:55,42,l:histories,9.1125,0.309,dict,dict len=37,0.4834,3.1331,42.5
2026-05-12 02:13:55,42,l:histories['g_mcts_children'],8.3183,0.2813,list,list len=43,0.4834,3.1331,42.5
2026-05-12 02:13:55,42,l:G._MCTS_CHILDREN,4.1911,0.0618,dict,dict len=9174,0.4834,3.1331,42.5
2026-05-12 02:13:55,42,l:initialization_kwargs,2.8397,0.0,dict,dict len=15,0.4834,3.1331,42.5
2026-05-12 02:13:55,42,l:initialization_kwargs['grmr_prior'],2.8381,0.0,Grammar,Grammar,0.4834,3.1331,42.5
2026-05-12 02:13:55,42,l:G._MCTS_EDGE_EXPLORE_COUNT,2.8377,0.0304,dict,dict len=24267,0.4834,3.1331,42.5
2026-05-12 02:13:55,42,l:G._MCTS_ALPHA_EDGE_EXPLORE_COUNT,1.7286,0.0254,dict,dict len=21095,0.4834,3.1331,42.5
2026-05-12 02:13:55,42,l:alpha_sensor_by_ctx,1.3261,0.0202,dict,dict len=6412,0.4834,3.1331,42.5
2026-05-12 02:13:55,42,l:G._MCTS_NODE_EXPLORE_COUNT,1.0946,0.0153,dict,dict len=9174,0.4834,3.1331,42.5
2026-05-12 02:14:07,43,l:last_X,38.9953,0.0,Population,Population,0.5033,3.1536,42.9
2026-05-12 02:14:07,43,l:X,38.9953,0.0,Population,Population,0.5033,3.1536,42.9
2026-05-12 02:14:07,43,l:last_X._X_inst,38.2046,0.0,ndarray,"ndarray shape=(100151, 100) dtype=float32",0.5033,3.1536,42.9
2026-05-12 02:14:07,43,l:X._X_inst,38.2046,0.0,ndarray,"ndarray shape=(100151, 100) dtype=float32",0.5033,3.1536,42.9
2026-05-12 02:14:07,43,l:G,10.248,0.0233,Grammar,Grammar,0.5033,3.1536,42.9
2026-05-12 02:14:07,43,l:histories,9.4215,0.309,dict,dict len=37,0.5033,3.1536,42.9
2026-05-12 02:14:07,43,l:histories['g_mcts_children'],8.5996,0.2813,list,list len=44,0.5033,3.1536,42.9
2026-05-12 02:14:07,43,l:G._MCTS_CHILDREN,4.2043,0.0132,dict,dict len=9205,0.5033,3.1536,42.9
2026-05-12 02:14:07,43,l:G._MCTS_EDGE_EXPLORE_COUNT,2.8501,0.0124,dict,dict len=24357,0.5033,3.1536,42.9
2026-05-12 02:14:07,43,l:initialization_kwargs,2.8397,0.0,dict,dict len=15,0.5033,3.1536,42.9
2026-05-12 02:14:07,43,l:initialization_kwargs['grmr_prior'],2.8381,0.0,Grammar,Grammar,0.5033,3.1536,42.9
2026-05-12 02:14:07,43,l:G._MCTS_ALPHA_EDGE_EXPLORE_COUNT,1.7336,0.005,dict,dict len=21185,0.5033,3.1536,42.9
2026-05-12 02:14:07,43,l:alpha_sensor_by_ctx,1.3297,0.0036,dict,dict len=6434,0.5033,3.1536,42.9
2026-05-12 02:14:07,43,l:G._MCTS_NODE_EXPLORE_COUNT,1.0998,0.0052,dict,dict len=9205,0.5033,3.1536,42.9
2026-05-12 02:14:31,44,l:last_X,38.9954,0.0001,Population,Population,0.5116,3.1618,42.9
2026-05-12 02:14:31,44,l:X,38.9954,0.0001,Population,Population,0.5116,3.1618,42.9
2026-05-12 02:14:31,44,l:last_X._X_inst,38.2046,0.0,ndarray,"ndarray shape=(100151, 100) dtype=float32",0.5116,3.1618,42.9
2026-05-12 02:14:31,44,l:X._X_inst,38.2046,0.0,ndarray,"ndarray shape=(100151, 100) dtype=float32",0.5116,3.1618,42.9
2026-05-12 02:14:31,44,l:G,10.4008,0.1529,Grammar,Grammar,0.5116,3.1618,42.9
2026-05-12 02:14:31,44,l:histories,9.7327,0.3112,dict,dict len=37,0.5116,3.1618,42.9
2026-05-12 02:14:31,44,l:histories['g_mcts_children'],8.8809,0.2813,list,list len=45,0.5116,3.1618,42.9
2026-05-12 02:14:31,44,l:G._MCTS_CHILDREN,4.284,0.0797,dict,dict len=9392,0.5116,3.1618,42.9
2026-05-12 02:14:31,44,l:G._MCTS_EDGE_EXPLORE_COUNT,2.8838,0.0338,dict,dict len=24871,0.5116,3.1618,42.9
2026-05-12 02:14:31,44,l:initialization_kwargs,2.8397,0.0,dict,dict len=15,0.5116,3.1618,42.9
2026-05-12 02:14:31,44,l:initialization_kwargs['grmr_prior'],2.8381,0.0,Grammar,Grammar,0.5116,3.1618,42.9
2026-05-12 02:14:31,44,l:G._MCTS_ALPHA_EDGE_EXPLORE_COUNT,1.7561,0.0226,dict,dict len=21593,0.5116,3.1618,42.9
2026-05-12 02:14:31,44,l:alpha_sensor_by_ctx,1.353,0.0233,dict,dict len=6577,0.5116,3.1618,42.9
2026-05-12 02:14:31,44,l:G._MCTS_NODE_EXPLORE_COUNT,1.1165,0.0166,dict,dict len=9392,0.5116,3.1618,42.9
2026-05-12 02:14:45,45,l:last_X,38.9955,0.0001,Population,Population,0.5222,3.1721,43.0
2026-05-12 02:14:45,45,l:X,38.9955,0.0001,Population,Population,0.5222,3.1721,43.0
2026-05-12 02:14:45,45,l:last_X._X_inst,38.2046,0.0,ndarray,"ndarray shape=(100151, 100) dtype=float32",0.5222,3.1721,43.0
2026-05-12 02:14:45,45,l:X._X_inst,38.2046,0.0,ndarray,"ndarray shape=(100151, 100) dtype=float32",0.5222,3.1721,43.0
2026-05-12 02:14:45,45,l:G,10.4614,0.0606,Grammar,Grammar,0.5222,3.1721,43.0
2026-05-12 02:14:45,45,l:histories,10.0438,0.3111,dict,dict len=37,0.5222,3.1721,43.0
2026-05-12 02:14:45,45,l:histories['g_mcts_children'],9.1623,0.2813,list,list len=46,0.5222,3.1721,43.0
2026-05-12 02:14:45,45,l:G._MCTS_CHILDREN,4.3155,0.0315,dict,dict len=9466,0.5222,3.1721,43.0
2026-05-12 02:14:45,45,l:G._MCTS_EDGE_EXPLORE_COUNT,2.8973,0.0135,dict,dict len=25076,0.5222,3.1721,43.0
2026-05-12 02:14:45,45,l:initialization_kwargs,2.8429,0.0031,dict,dict len=15,0.5222,3.1721,43.0
2026-05-12 02:14:45,45,l:initialization_kwargs['grmr_prior'],2.8412,0.0031,Grammar,Grammar,0.5222,3.1721,43.0
2026-05-12 02:14:45,45,l:G._MCTS_ALPHA_EDGE_EXPLORE_COUNT,1.7631,0.007,dict,dict len=21719,0.5222,3.1721,43.0
2026-05-12 02:14:45,45,l:alpha_sensor_by_ctx,1.3611,0.0081,dict,dict len=6627,0.5222,3.1721,43.0
2026-05-12 02:14:45,45,l:G._MCTS_NODE_EXPLORE_COUNT,1.123,0.0066,dict,dict len=9466,0.5222,3.1721,43.0
2026-05-12 02:16:14,46,l:last_X,38.9953,-0.0002,Population,Population,0.5188,3.1696,42.9
2026-05-12 02:16:14,46,l:X,38.9953,-0.0002,Population,Population,0.5188,3.1696,42.9
2026-05-12 02:16:14,46,l:last_X._X_inst,38.2046,0.0,ndarray,"ndarray shape=(100151, 100) dtype=float32",0.5188,3.1696,42.9
2026-05-12 02:16:14,46,l:X._X_inst,38.2046,0.0,ndarray,"ndarray shape=(100151, 100) dtype=float32",0.5188,3.1696,42.9
2026-05-12 02:16:14,46,l:G,12.1732,1.7118,Grammar,Grammar,0.5188,3.1696,42.9
2026-05-12 02:16:14,46,l:histories,10.3551,0.3112,dict,dict len=37,0.5188,3.1696,42.9
2026-05-12 02:16:14,46,l:histories['g_mcts_children'],9.4436,0.2813,list,list len=47,0.5188,3.1696,42.9
2026-05-12 02:16:14,46,l:G._MCTS_CHILDREN,4.8674,0.5519,dict,dict len=10761,0.5188,3.1696,42.9
2026-05-12 02:16:14,46,l:G._MCTS_EDGE_EXPLORE_COUNT,3.1255,0.2282,dict,dict len=28784,0.5188,3.1696,42.9
2026-05-12 02:16:14,46,l:initialization_kwargs,2.8429,0.0,dict,dict len=15,0.5188,3.1696,42.9
2026-05-12 02:16:14,46,l:initialization_kwargs['grmr_prior'],2.8412,0.0,Grammar,Grammar,0.5188,3.1696,42.9
2026-05-12 02:16:14,46,l:G._MCTS_ALPHA_EDGE_EXPLORE_COUNT,2.5877,0.8246,dict,dict len=24200,0.5188,3.1696,42.9
2026-05-12 02:16:14,46,l:alpha_sensor_by_ctx,1.5138,0.1527,dict,dict len=7568,0.5188,3.1696,42.9
2026-05-12 02:16:14,46,l:G._MCTS_NODE_EXPLORE_COUNT,1.2325,0.1094,dict,dict len=10761,0.5188,3.1696,42.9
2026-05-12 02:16:43,47,l:last_X,38.9954,0.0001,Population,Population,0.5235,3.1735,42.9
2026-05-12 02:16:43,47,l:X,38.9954,0.0001,Population,Population,0.5235,3.1735,42.9
2026-05-12 02:16:43,47,l:last_X._X_inst,38.2046,0.0,ndarray,"ndarray shape=(100151, 100) dtype=float32",0.5235,3.1735,42.9
2026-05-12 02:16:43,47,l:X._X_inst,38.2046,0.0,ndarray,"ndarray shape=(100151, 100) dtype=float32",0.5235,3.1735,42.9
2026-05-12 02:16:43,47,l:G,12.2557,0.0825,Grammar,Grammar,0.5235,3.1735,42.9
2026-05-12 02:16:43,47,l:histories,10.6662,0.3111,dict,dict len=37,0.5235,3.1735,42.9
2026-05-12 02:16:43,47,l:histories['g_mcts_children'],9.7249,0.2813,list,list len=48,0.5235,3.1735,42.9
2026-05-12 02:16:43,47,l:G._MCTS_CHILDREN,4.8956,0.0281,dict,dict len=10827,0.5235,3.1735,42.9
2026-05-12 02:16:43,47,l:initialization_kwargs,3.5304,0.6875,dict,dict len=15,0.5235,3.1735,42.9
2026-05-12 02:16:43,47,l:initialization_kwargs['grmr_prior'],3.5287,0.6875,Grammar,Grammar,0.5235,3.1735,42.9
2026-05-12 02:16:43,47,l:G._MCTS_EDGE_EXPLORE_COUNT,3.1436,0.0181,dict,dict len=29062,0.5235,3.1735,42.9
2026-05-12 02:16:43,47,l:G._MCTS_ALPHA_EDGE_EXPLORE_COUNT,2.608,0.0203,dict,dict len=24567,0.5235,3.1735,42.9
2026-05-12 02:16:43,47,l:alpha_sensor_by_ctx,1.5257,0.0119,dict,dict len=7641,0.5235,3.1735,42.9
2026-05-12 02:16:43,47,l:G._MCTS_NODE_EXPLORE_COUNT,1.2383,0.0058,dict,dict len=10827,0.5235,3.1735,42.9
2026-05-12 02:18:21,48,l:last_X,38.9955,0.0002,Population,Population,0.5441,3.1943,43.2
2026-05-12 02:18:21,48,l:X,38.9955,0.0002,Population,Population,0.5441,3.1943,43.2
2026-05-12 02:18:21,48,l:last_X._X_inst,38.2046,0.0,ndarray,"ndarray shape=(100151, 100) dtype=float32",0.5441,3.1943,43.2
2026-05-12 02:18:21,48,l:X._X_inst,38.2046,0.0,ndarray,"ndarray shape=(100151, 100) dtype=float32",0.5441,3.1943,43.2
2026-05-12 02:18:21,48,l:G,14.3704,2.1147,Grammar,Grammar,0.5441,3.1943,43.2
2026-05-12 02:18:21,48,l:histories,11.2609,0.5947,dict,dict len=37,0.5441,3.1943,43.2
2026-05-12 02:18:21,48,l:histories['g_mcts_children'],10.2875,0.5626,list,list len=49,0.5441,3.1943,43.2
2026-05-12 02:18:21,48,l:G._MCTS_CHILDREN,6.203,1.3075,dict,dict len=11294,0.5441,3.1943,43.2
2026-05-12 02:18:21,48,l:initialization_kwargs,3.5304,0.0,dict,dict len=15,0.5441,3.1943,43.2
2026-05-12 02:18:21,48,l:initialization_kwargs['grmr_prior'],3.5287,0.0,Grammar,Grammar,0.5441,3.1943,43.2
2026-05-12 02:18:21,48,l:G._MCTS_EDGE_EXPLORE_COUNT,3.2374,0.0938,dict,dict len=30501,0.5441,3.1943,43.2
2026-05-12 02:18:21,48,l:G._MCTS_ALPHA_EDGE_EXPLORE_COUNT,2.7132,0.1052,dict,dict len=26470,0.5441,3.1943,43.2
2026-05-12 02:18:21,48,l:alpha_sensor_by_ctx,1.5855,0.0598,dict,dict len=8008,0.5441,3.1943,43.2
2026-05-12 02:18:21,48,l:G._MCTS_NODE_EXPLORE_COUNT,1.5608,0.3225,dict,dict len=11294,0.5441,3.1943,43.2
2026-05-12 02:18:21,48,l:G._MCTS_ALPHA_DECISION_EXPLORE_COUNT,1.2415,1.2415,dict,dict len=11103,0.5441,3.1943,43.2
2026-05-12 02:18:34,49,l:last_X,38.9953,-0.0002,Population,Population,0.5416,3.1917,43.2
2026-05-12 02:18:34,49,l:X,38.9953,-0.0002,Population,Population,0.5416,3.1917,43.2
2026-05-12 02:18:34,49,l:last_X._X_inst,38.2046,0.0,ndarray,"ndarray shape=(100151, 100) dtype=float32",0.5416,3.1917,43.2
2026-05-12 02:18:34,49,l:X._X_inst,38.2046,0.0,ndarray,"ndarray shape=(100151, 100) dtype=float32",0.5416,3.1917,43.2
2026-05-12 02:18:34,49,l:G,14.42,0.0496,Grammar,Grammar,0.5416,3.1917,43.2
2026-05-12 02:18:34,49,l:histories,11.8553,0.5944,dict,dict len=37,0.5416,3.1917,43.2
2026-05-12 02:18:34,49,l:histories['g_mcts_children'],10.8501,0.5626,list,list len=50,0.5416,3.1917,43.2
2026-05-12 02:18:34,49,l:G._MCTS_CHILDREN,6.237,0.034,dict,dict len=11362,0.5416,3.1917,43.2
2026-05-12 02:18:34,49,l:initialization_kwargs,4.3773,0.8469,dict,dict len=15,0.5416,3.1917,43.2
2026-05-12 02:18:34,49,l:initialization_kwargs['grmr_prior'],4.3756,0.8469,Grammar,Grammar,0.5416,3.1917,43.2
2026-05-12 02:18:34,49,l:G._MCTS_EDGE_EXPLORE_COUNT,3.2485,0.0111,dict,dict len=30672,0.5416,3.1917,43.2
2026-05-12 02:18:34,49,l:G._MCTS_ALPHA_EDGE_EXPLORE_COUNT,2.7188,0.0056,dict,dict len=26571,0.5416,3.1917,43.2
2026-05-12 02:18:34,49,l:alpha_sensor_by_ctx,1.5919,0.0064,dict,dict len=8047,0.5416,3.1917,43.2
2026-05-12 02:18:34,49,l:G._MCTS_NODE_EXPLORE_COUNT,1.5638,0.003,dict,dict len=11362,0.5416,3.1917,43.2
2026-05-12 02:18:34,49,l:G._MCTS_ALPHA_DECISION_EXPLORE_COUNT,1.2449,0.0034,dict,dict len=11158,0.5416,3.1917,43.2
2026-05-12 02:19:04,50,l:last_X,38.9953,-0.0,Population,Population,0.5455,3.1956,43.3
2026-05-12 02:19:04,50,l:X,38.9953,-0.0,Population,Population,0.5455,3.1956,43.3
2026-05-12 02:19:04,50,l:last_X._X_inst,38.2046,0.0,ndarray,"ndarray shape=(100151, 100) dtype=float32",0.5455,3.1956,43.3
2026-05-12 02:19:04,50,l:X._X_inst,38.2046,0.0,ndarray,"ndarray shape=(100151, 100) dtype=float32",0.5455,3.1956,43.3
2026-05-12 02:19:04,50,l:G,14.6233,0.2032,Grammar,Grammar,0.5455,3.1956,43.3
2026-05-12 02:19:04,50,l:histories,12.4498,0.5945,dict,dict len=37,0.5455,3.1956,43.3
2026-05-12 02:19:04,50,l:histories['g_mcts_children'],11.4127,0.5626,list,list len=51,0.5455,3.1956,43.3
2026-05-12 02:19:04,50,l:G._MCTS_CHILDREN,6.3379,0.1009,dict,dict len=11564,0.5455,3.1956,43.3
2026-05-12 02:19:04,50,l:initialization_kwargs,4.3773,0.0,dict,dict len=15,0.5455,3.1956,43.3
2026-05-12 02:19:04,50,l:initialization_kwargs['grmr_prior'],4.3756,0.0,Grammar,Grammar,0.5455,3.1956,43.3
2026-05-12 02:19:04,50,l:G._MCTS_EDGE_EXPLORE_COUNT,3.2981,0.0496,dict,dict len=31305,0.5455,3.1956,43.3
2026-05-12 02:19:04,50,l:G._MCTS_ALPHA_EDGE_EXPLORE_COUNT,2.7481,0.0294,dict,dict len=27102,0.5455,3.1956,43.3
2026-05-12 02:19:04,50,l:alpha_sensor_by_ctx,1.6199,0.028,dict,dict len=8219,0.5455,3.1956,43.3
2026-05-12 02:19:04,50,l:G._MCTS_NODE_EXPLORE_COUNT,1.5785,0.0147,dict,dict len=11564,0.5455,3.1956,43.3
2026-05-12 02:19:04,50,l:G._MCTS_ALPHA_DECISION_EXPLORE_COUNT,1.2613,0.0164,dict,dict len=11377,0.5455,3.1956,43.3
2026-05-12 02:19:30,51,l:last_X,38.9953,-0.0,Population,Population,0.5389,3.189,43.1
2026-05-12 02:19:30,51,l:X,38.9953,-0.0,Population,Population,0.5389,3.189,43.1
2026-05-12 02:19:30,51,l:last_X._X_inst,38.2046,0.0,ndarray,"ndarray shape=(100151, 100) dtype=float32",0.5389,3.189,43.1
2026-05-12 02:19:30,51,l:X._X_inst,38.2046,0.0,ndarray,"ndarray shape=(100151, 100) dtype=float32",0.5389,3.189,43.1
2026-05-12 02:19:30,51,l:G,14.7544,0.1312,Grammar,Grammar,0.5389,3.189,43.1
2026-05-12 02:19:30,51,l:histories,13.0443,0.5945,dict,dict len=37,0.5389,3.189,43.1
2026-05-12 02:19:30,51,l:histories['g_mcts_children'],11.9753,0.5626,list,list len=52,0.5389,3.189,43.1
2026-05-12 02:19:30,51,l:G._MCTS_CHILDREN,6.4433,0.1054,dict,dict len=11661,0.5389,3.189,43.1
2026-05-12 02:19:30,51,l:initialization_kwargs,4.3773,0.0,dict,dict len=15,0.5389,3.189,43.1
2026-05-12 02:19:30,51,l:initialization_kwargs['grmr_prior'],4.3756,0.0,Grammar,Grammar,0.5389,3.189,43.1
2026-05-12 02:19:30,51,l:G._MCTS_EDGE_EXPLORE_COUNT,3.3101,0.012,dict,dict len=31618,0.5389,3.189,43.1
2026-05-12 02:19:30,51,l:G._MCTS_ALPHA_EDGE_EXPLORE_COUNT,2.7677,0.0196,dict,dict len=27456,0.5389,3.189,43.1
2026-05-12 02:19:30,51,l:alpha_sensor_by_ctx,1.6344,0.0145,dict,dict len=8308,0.5389,3.189,43.1
2026-05-12 02:19:30,51,l:G._MCTS_NODE_EXPLORE_COUNT,1.5901,0.0116,dict,dict len=11661,0.5389,3.189,43.1
2026-05-12 02:19:30,51,l:G._MCTS_ALPHA_DECISION_EXPLORE_COUNT,1.2686,0.0072,dict,dict len=11495,0.5389,3.189,43.1
2026-05-12 02:19:53,52,l:last_X,38.9955,0.0002,Population,Population,0.5437,3.1939,43.3
2026-05-12 02:19:53,52,l:X,38.9955,0.0002,Population,Population,0.5437,3.1939,43.3
2026-05-12 02:19:53,52,l:last_X._X_inst,38.2046,0.0,ndarray,"ndarray shape=(100151, 100) dtype=float32",0.5437,3.1939,43.3
2026-05-12 02:19:53,52,l:X._X_inst,38.2046,0.0,ndarray,"ndarray shape=(100151, 100) dtype=float32",0.5437,3.1939,43.3
2026-05-12 02:19:53,52,l:G,15.0101,0.2557,Grammar,Grammar,0.5437,3.1939,43.3
2026-05-12 02:19:53,52,l:histories,13.6419,0.5977,dict,dict len=37,0.5437,3.1939,43.3
2026-05-12 02:19:53,52,l:histories['g_mcts_children'],12.5379,0.5627,list,list len=53,0.5437,3.1939,43.3
2026-05-12 02:19:53,52,l:G._MCTS_CHILDREN,6.6504,0.2071,dict,dict len=11731,0.5437,3.1939,43.3
2026-05-12 02:19:53,52,l:initialization_kwargs,4.3773,0.0,dict,dict len=15,0.5437,3.1939,43.3
2026-05-12 02:19:53,52,l:initialization_kwargs['grmr_prior'],4.3756,0.0,Grammar,Grammar,0.5437,3.1939,43.3
2026-05-12 02:19:53,52,l:G._MCTS_EDGE_EXPLORE_COUNT,3.3253,0.0151,dict,dict len=31850,0.5437,3.1939,43.3
2026-05-12 02:19:53,52,l:G._MCTS_ALPHA_EDGE_EXPLORE_COUNT,2.7831,0.0154,dict,dict len=27734,0.5437,3.1939,43.3
2026-05-12 02:19:53,52,l:alpha_sensor_by_ctx,1.644,0.0096,dict,dict len=8367,0.5437,3.1939,43.3
2026-05-12 02:19:53,52,l:G._MCTS_NODE_EXPLORE_COUNT,1.5994,0.0093,dict,dict len=11731,0.5437,3.1939,43.3
2026-05-12 02:19:53,52,l:G._MCTS_ALPHA_DECISION_EXPLORE_COUNT,1.2733,0.0047,dict,dict len=11572,0.5437,3.1939,43.3
2026-05-12 02:20:25,53,l:last_X,38.9953,-0.0002,Population,Population,0.5475,3.1978,43.3
2026-05-12 02:20:25,53,l:X,38.9953,-0.0002,Population,Population,0.5475,3.1978,43.3
2026-05-12 02:20:25,53,l:last_X._X_inst,38.2046,0.0,ndarray,"ndarray shape=(100151, 100) dtype=float32",0.5475,3.1978,43.3
2026-05-12 02:20:25,53,l:X._X_inst,38.2046,0.0,ndarray,"ndarray shape=(100151, 100) dtype=float32",0.5475,3.1978,43.3
2026-05-12 02:20:25,53,l:G,15.1168,0.1067,Grammar,Grammar,0.5475,3.1978,43.3
2026-05-12 02:20:25,53,l:histories,14.2365,0.5946,dict,dict len=37,0.5475,3.1978,43.3
2026-05-12 02:20:25,53,l:histories['g_mcts_children'],13.1005,0.5626,list,list len=54,0.5475,3.1978,43.3
2026-05-12 02:20:25,53,l:G._MCTS_CHILDREN,6.7059,0.0555,dict,dict len=11838,0.5475,3.1978,43.3
2026-05-12 02:20:25,53,l:initialization_kwargs,4.3773,0.0,dict,dict len=15,0.5475,3.1978,43.3
2026-05-12 02:20:25,53,l:initialization_kwargs['grmr_prior'],4.3756,0.0,Grammar,Grammar,0.5475,3.1978,43.3
2026-05-12 02:20:25,53,l:G._MCTS_EDGE_EXPLORE_COUNT,3.3585,0.0332,dict,dict len=32228,0.5475,3.1978,43.3
2026-05-12 02:20:25,53,l:G._MCTS_ALPHA_EDGE_EXPLORE_COUNT,2.8084,0.0254,dict,dict len=28193,0.5475,3.1978,43.3
2026-05-12 02:20:25,53,l:alpha_sensor_by_ctx,1.658,0.014,dict,dict len=8461,0.5475,3.1978,43.3
2026-05-12 02:20:25,53,l:G._MCTS_NODE_EXPLORE_COUNT,1.6057,0.0063,dict,dict len=11838,0.5475,3.1978,43.3
2026-05-12 02:20:25,53,l:G._MCTS_ALPHA_DECISION_EXPLORE_COUNT,1.2842,0.0109,dict,dict len=11699,0.5475,3.1978,43.3
2026-05-12 02:20:48,54,l:last_X,38.9954,0.0001,Population,Population,0.5697,3.2207,43.6
2026-05-12 02:20:48,54,l:X,38.9954,0.0001,Population,Population,0.5697,3.2207,43.6
2026-05-12 02:20:48,54,l:last_X._X_inst,38.2046,0.0,ndarray,"ndarray shape=(100151, 100) dtype=float32",0.5697,3.2207,43.6
2026-05-12 02:20:48,54,l:X._X_inst,38.2046,0.0,ndarray,"ndarray shape=(100151, 100) dtype=float32",0.5697,3.2207,43.6
2026-05-12 02:20:48,54,l:G,15.2561,0.1393,Grammar,Grammar,0.5697,3.2207,43.6
2026-05-12 02:20:48,54,l:histories,14.8309,0.5944,dict,dict len=37,0.5697,3.2207,43.6
2026-05-12 02:20:48,54,l:histories['g_mcts_children'],13.6631,0.5626,list,list len=55,0.5697,3.2207,43.6
2026-05-12 02:20:48,54,l:G._MCTS_CHILDREN,6.7848,0.0789,dict,dict len=11990,0.5697,3.2207,43.6
2026-05-12 02:20:48,54,l:initialization_kwargs,4.3773,0.0,dict,dict len=15,0.5697,3.2207,43.6
2026-05-12 02:20:48,54,l:initialization_kwargs['grmr_prior'],4.3756,0.0,Grammar,Grammar,0.5697,3.2207,43.6
2026-05-12 02:20:48,54,l:G._MCTS_EDGE_EXPLORE_COUNT,3.3891,0.0306,dict,dict len=32695,0.5697,3.2207,43.6
2026-05-12 02:20:48,54,l:G._MCTS_ALPHA_EDGE_EXPLORE_COUNT,2.8288,0.0203,dict,dict len=28561,0.5697,3.2207,43.6
2026-05-12 02:20:48,54,l:alpha_sensor_by_ctx,1.6764,0.0184,dict,dict len=8574,0.5697,3.2207,43.6
2026-05-12 02:20:48,54,l:G._MCTS_NODE_EXPLORE_COUNT,1.6191,0.0134,dict,dict len=11990,0.5697,3.2207,43.6
2026-05-12 02:20:48,54,l:G._MCTS_ALPHA_DECISION_EXPLORE_COUNT,1.2939,0.0097,dict,dict len=11856,0.5697,3.2207,43.6
2026-05-12 02:21:07,55,l:last_X,38.9953,-0.0001,Population,Population,0.558,3.2084,43.5
2026-05-12 02:21:07,55,l:X,38.9953,-0.0001,Population,Population,0.558,3.2084,43.5
2026-05-12 02:21:07,55,l:last_X._X_inst,38.2046,0.0,ndarray,"ndarray shape=(100151, 100) dtype=float32",0.558,3.2084,43.5
2026-05-12 02:21:07,55,l:X._X_inst,38.2046,0.0,ndarray,"ndarray shape=(100151, 100) dtype=float32",0.558,3.2084,43.5
2026-05-12 02:21:07,55,l:histories,15.4253,0.5944,dict,dict len=37,0.558,3.2084,43.5
2026-05-12 02:21:07,55,l:G,15.2968,0.0407,Grammar,Grammar,0.558,3.2084,43.5
2026-05-12 02:21:07,55,l:histories['g_mcts_children'],14.2257,0.5626,list,list len=56,0.558,3.2084,43.5
2026-05-12 02:21:07,55,l:G._MCTS_CHILDREN,6.8071,0.0223,dict,dict len=12033,0.558,3.2084,43.5
2026-05-12 02:21:07,55,l:initialization_kwargs,4.3773,0.0,dict,dict len=15,0.558,3.2084,43.5
2026-05-12 02:21:07,55,l:initialization_kwargs['grmr_prior'],4.3756,0.0,Grammar,Grammar,0.558,3.2084,43.5
2026-05-12 02:21:07,55,l:G._MCTS_EDGE_EXPLORE_COUNT,3.3982,0.0092,dict,dict len=32835,0.558,3.2084,43.5
2026-05-12 02:21:07,55,l:G._MCTS_ALPHA_EDGE_EXPLORE_COUNT,2.8392,0.0104,dict,dict len=28749,0.558,3.2084,43.5
2026-05-12 02:21:07,55,l:alpha_sensor_by_ctx,1.6824,0.006,dict,dict len=8611,0.558,3.2084,43.5
2026-05-12 02:21:07,55,l:G._MCTS_NODE_EXPLORE_COUNT,1.6229,0.0038,dict,dict len=12033,0.558,3.2084,43.5
2026-05-12 02:21:07,55,l:G._MCTS_ALPHA_DECISION_EXPLORE_COUNT,1.297,0.0031,dict,dict len=11906,0.558,3.2084,43.5
2026-05-12 02:21:32,56,l:last_X,38.9955,0.0002,Population,Population,0.5597,3.2101,43.5
2026-05-12 02:21:32,56,l:X,38.9955,0.0002,Population,Population,0.5597,3.2101,43.5
2026-05-12 02:21:32,56,l:last_X._X_inst,38.2046,0.0,ndarray,"ndarray shape=(100151, 100) dtype=float32",0.5597,3.2101,43.5
2026-05-12 02:21:32,56,l:X._X_inst,38.2046,0.0,ndarray,"ndarray shape=(100151, 100) dtype=float32",0.5597,3.2101,43.5
2026-05-12 02:21:32,56,l:histories,16.0198,0.5945,dict,dict len=37,0.5597,3.2101,43.5
2026-05-12 02:21:32,56,l:G,15.3731,0.0763,Grammar,Grammar,0.5597,3.2101,43.5
2026-05-12 02:21:32,56,l:histories['g_mcts_children'],14.7883,0.5626,list,list len=57,0.5597,3.2101,43.5
2026-05-12 02:21:32,56,l:G._MCTS_CHILDREN,6.8486,0.0415,dict,dict len=12113,0.5597,3.2101,43.5
2026-05-12 02:21:32,56,l:initialization_kwargs,4.3773,0.0,dict,dict len=15,0.5597,3.2101,43.5
2026-05-12 02:21:32,56,l:initialization_kwargs['grmr_prior'],4.3756,0.0,Grammar,Grammar,0.5597,3.2101,43.5
2026-05-12 02:21:32,56,l:G._MCTS_EDGE_EXPLORE_COUNT,3.4146,0.0164,dict,dict len=33085,0.5597,3.2101,43.5
2026-05-12 02:21:32,56,l:G._MCTS_ALPHA_EDGE_EXPLORE_COUNT,2.8567,0.0175,dict,dict len=29066,0.5597,3.2101,43.5
2026-05-12 02:21:32,56,l:alpha_sensor_by_ctx,1.692,0.0096,dict,dict len=8670,0.5597,3.2101,43.5
2026-05-12 02:21:32,56,l:G._MCTS_NODE_EXPLORE_COUNT,1.6267,0.0038,dict,dict len=12113,0.5597,3.2101,43.5
2026-05-12 02:21:32,56,l:G._MCTS_ALPHA_DECISION_EXPLORE_COUNT,1.3027,0.0057,dict,dict len=11998,0.5597,3.2101,43.5
2026-05-12 02:22:01,57,l:last_X,38.9953,-0.0001,Population,Population,0.564,3.2144,43.5
2026-05-12 02:22:01,57,l:X,38.9953,-0.0001,Population,Population,0.564,3.2144,43.5
2026-05-12 02:22:01,57,l:last_X._X_inst,38.2046,0.0,ndarray,"ndarray shape=(100151, 100) dtype=float32",0.564,3.2144,43.5
2026-05-12 02:22:01,57,l:X._X_inst,38.2046,0.0,ndarray,"ndarray shape=(100151, 100) dtype=float32",0.564,3.2144,43.5
2026-05-12 02:22:01,57,l:histories,16.6143,0.5945,dict,dict len=37,0.564,3.2144,43.5
2026-05-12 02:22:01,57,l:G,15.5159,0.1429,Grammar,Grammar,0.564,3.2144,43.5
2026-05-12 02:22:01,57,l:histories['g_mcts_children'],15.3508,0.5626,list,list len=58,0.564,3.2144,43.5
2026-05-12 02:22:01,57,l:G._MCTS_CHILDREN,6.9239,0.0752,dict,dict len=12258,0.564,3.2144,43.5
2026-05-12 02:22:01,57,l:initialization_kwargs,4.3773,0.0,dict,dict len=15,0.564,3.2144,43.5
2026-05-12 02:22:01,57,l:initialization_kwargs['grmr_prior'],4.3756,0.0,Grammar,Grammar,0.564,3.2144,43.5
2026-05-12 02:22:01,57,l:G._MCTS_EDGE_EXPLORE_COUNT,3.4439,0.0294,dict,dict len=33534,0.564,3.2144,43.5
2026-05-12 02:22:01,57,l:G._MCTS_ALPHA_EDGE_EXPLORE_COUNT,2.8794,0.0227,dict,dict len=29476,0.564,3.2144,43.5
2026-05-12 02:22:01,57,l:alpha_sensor_by_ctx,1.7102,0.0182,dict,dict len=8782,0.564,3.2144,43.5
2026-05-12 02:22:01,57,l:G._MCTS_NODE_EXPLORE_COUNT,1.6428,0.016,dict,dict len=12258,0.564,3.2144,43.5
2026-05-12 02:22:01,57,l:G._MCTS_ALPHA_DECISION_EXPLORE_COUNT,1.3087,0.0061,dict,dict len=12149,0.564,3.2144,43.5
2026-05-12 02:22:26,58,l:last_X,38.9956,0.0003,Population,Population,0.5797,3.23,43.7
2026-05-12 02:22:26,58,l:X,38.9956,0.0003,Population,Population,0.5797,3.23,43.7
2026-05-12 02:22:26,58,l:last_X._X_inst,38.2046,0.0,ndarray,"ndarray shape=(100151, 100) dtype=float32",0.5797,3.23,43.7
2026-05-12 02:22:26,58,l:X._X_inst,38.2046,0.0,ndarray,"ndarray shape=(100151, 100) dtype=float32",0.5797,3.23,43.7
2026-05-12 02:22:26,58,l:histories,17.2089,0.5946,dict,dict len=37,0.5797,3.23,43.7
2026-05-12 02:22:26,58,l:histories['g_mcts_children'],15.9134,0.5626,list,list len=59,0.5797,3.23,43.7
2026-05-12 02:22:26,58,l:G,15.5906,0.0746,Grammar,Grammar,0.5797,3.23,43.7
2026-05-12 02:22:26,58,l:G._MCTS_CHILDREN,6.9602,0.0363,dict,dict len=12328,0.5797,3.23,43.7
2026-05-12 02:22:26,58,l:initialization_kwargs,4.3773,0.0,dict,dict len=15,0.5797,3.23,43.7
2026-05-12 02:22:26,58,l:initialization_kwargs['grmr_prior'],4.3756,0.0,Grammar,Grammar,0.5797,3.23,43.7
2026-05-12 02:22:26,58,l:G._MCTS_EDGE_EXPLORE_COUNT,3.4493,0.0054,dict,dict len=33754,0.5797,3.23,43.7
2026-05-12 02:22:26,58,l:G._MCTS_ALPHA_EDGE_EXPLORE_COUNT,2.8927,0.0133,dict,dict len=29717,0.5797,3.23,43.7
2026-05-12 02:22:26,58,l:alpha_sensor_by_ctx,1.7197,0.0094,dict,dict len=8840,0.5797,3.23,43.7
2026-05-12 02:22:26,58,l:G._MCTS_NODE_EXPLORE_COUNT,1.6489,0.0062,dict,dict len=12328,0.5797,3.23,43.7
2026-05-12 02:22:26,58,l:G._MCTS_ALPHA_DECISION_EXPLORE_COUNT,1.3172,0.0084,dict,dict len=12233,0.5797,3.23,43.7
2026-05-12 02:22:57,59,l:last_X,38.9954,-0.0002,Population,Population,0.6091,3.2596,44.3
2026-05-12 02:22:57,59,l:X,38.9954,-0.0002,Population,Population,0.6091,3.2596,44.3
2026-05-12 02:22:57,59,l:last_X._X_inst,38.2046,0.0,ndarray,"ndarray shape=(100151, 100) dtype=float32",0.6091,3.2596,44.3
2026-05-12 02:22:57,59,l:X._X_inst,38.2046,0.0,ndarray,"ndarray shape=(100151, 100) dtype=float32",0.6091,3.2596,44.3
2026-05-12 02:22:57,59,l:histories,17.8034,0.5945,dict,dict len=37,0.6091,3.2596,44.3
2026-05-12 02:22:57,59,l:histories['g_mcts_children'],16.476,0.5626,list,list len=60,0.6091,3.2596,44.3
2026-05-12 02:22:57,59,l:G,15.7167,0.1261,Grammar,Grammar,0.6091,3.2596,44.3
2026-05-12 02:22:57,59,l:G._MCTS_CHILDREN,7.0261,0.0659,dict,dict len=12455,0.6091,3.2596,44.3
2026-05-12 02:22:57,59,l:initialization_kwargs,4.3773,0.0,dict,dict len=15,0.6091,3.2596,44.3
2026-05-12 02:22:57,59,l:initialization_kwargs['grmr_prior'],4.3756,0.0,Grammar,Grammar,0.6091,3.2596,44.3
2026-05-12 02:22:57,59,l:G._MCTS_EDGE_EXPLORE_COUNT,3.4651,0.0158,dict,dict len=34136,0.6091,3.2596,44.3
2026-05-12 02:22:57,59,l:G._MCTS_ALPHA_EDGE_EXPLORE_COUNT,2.9226,0.0299,dict,dict len=30113,0.6091,3.2596,44.3
2026-05-12 02:22:57,59,l:alpha_sensor_by_ctx,1.7349,0.0153,dict,dict len=8934,0.6091,3.2596,44.3
2026-05-12 02:22:57,59,l:G._MCTS_NODE_EXPLORE_COUNT,1.6634,0.0145,dict,dict len=12455,0.6091,3.2596,44.3
2026-05-12 02:22:57,59,l:G._MCTS_ALPHA_DECISION_EXPLORE_COUNT,1.3281,0.0109,dict,dict len=12357,0.6091,3.2596,44.3
2026-05-12 02:23:21,60,l:last_X,38.9953,-0.0001,Population,Population,0.6039,3.2542,44.0
2026-05-12 02:23:21,60,l:X,38.9953,-0.0001,Population,Population,0.6039,3.2542,44.0
2026-05-12 02:23:21,60,l:last_X._X_inst,38.2046,0.0,ndarray,"ndarray shape=(100151, 100) dtype=float32",0.6039,3.2542,44.0
2026-05-12 02:23:21,60,l:X._X_inst,38.2046,0.0,ndarray,"ndarray shape=(100151, 100) dtype=float32",0.6039,3.2542,44.0
2026-05-12 02:23:21,60,l:histories,18.3979,0.5945,dict,dict len=37,0.6039,3.2542,44.0
2026-05-12 02:23:21,60,l:histories['g_mcts_children'],17.0386,0.5626,list,list len=61,0.6039,3.2542,44.0
2026-05-12 02:23:21,60,l:G,15.7775,0.0608,Grammar,Grammar,0.6039,3.2542,44.0
2026-05-12 02:23:21,60,l:G._MCTS_CHILDREN,7.0583,0.0322,dict,dict len=12517,0.6039,3.2542,44.0
2026-05-12 02:23:21,60,l:initialization_kwargs,4.3773,0.0,dict,dict len=15,0.6039,3.2542,44.0
2026-05-12 02:23:21,60,l:initialization_kwargs['grmr_prior'],4.3756,0.0,Grammar,Grammar,0.6039,3.2542,44.0
2026-05-12 02:23:21,60,l:G._MCTS_EDGE_EXPLORE_COUNT,3.4781,0.013,dict,dict len=34336,0.6039,3.2542,44.0
2026-05-12 02:23:21,60,l:G._MCTS_ALPHA_EDGE_EXPLORE_COUNT,2.9353,0.0127,dict,dict len=30342,0.6039,3.2542,44.0
2026-05-12 02:23:21,60,l:alpha_sensor_by_ctx,1.7426,0.0076,dict,dict len=8981,0.6039,3.2542,44.0
2026-05-12 02:23:21,60,l:G._MCTS_NODE_EXPLORE_COUNT,1.6689,0.0055,dict,dict len=12517,0.6039,3.2542,44.0
2026-05-12 02:23:21,60,l:G._MCTS_ALPHA_DECISION_EXPLORE_COUNT,1.3326,0.0045,dict,dict len=12429,0.6039,3.2542,44.0
2026-05-12 02:23:47,61,l:last_X,38.9953,-0.0,Population,Population,0.6349,3.2854,44.5
2026-05-12 02:23:47,61,l:X,38.9953,-0.0,Population,Population,0.6349,3.2854,44.5
2026-05-12 02:23:47,61,l:last_X._X_inst,38.2046,0.0,ndarray,"ndarray shape=(100151, 100) dtype=float32",0.6349,3.2854,44.5
2026-05-12 02:23:47,61,l:X._X_inst,38.2046,0.0,ndarray,"ndarray shape=(100151, 100) dtype=float32",0.6349,3.2854,44.5
2026-05-12 02:23:47,61,l:histories,18.9924,0.5945,dict,dict len=37,0.6349,3.2854,44.5
2026-05-12 02:23:47,61,l:histories['g_mcts_children'],17.6012,0.5626,list,list len=62,0.6349,3.2854,44.5
2026-05-12 02:23:47,61,l:G,15.8528,0.0753,Grammar,Grammar,0.6349,3.2854,44.5
2026-05-12 02:23:47,61,l:G._MCTS_CHILDREN,7.0905,0.0322,dict,dict len=12579,0.6349,3.2854,44.5
2026-05-12 02:23:47,61,l:initialization_kwargs,4.3773,0.0,dict,dict len=15,0.6349,3.2854,44.5
2026-05-12 02:23:47,61,l:initialization_kwargs['grmr_prior'],4.3756,0.0,Grammar,Grammar,0.6349,3.2854,44.5
2026-05-12 02:23:47,61,l:G._MCTS_EDGE_EXPLORE_COUNT,3.4929,0.0148,dict,dict len=34564,0.6349,3.2854,44.5
2026-05-12 02:23:47,61,l:G._MCTS_ALPHA_EDGE_EXPLORE_COUNT,2.9527,0.0173,dict,dict len=30654,0.6349,3.2854,44.5
2026-05-12 02:23:47,61,l:alpha_sensor_by_ctx,1.7538,0.0112,dict,dict len=9050,0.6349,3.2854,44.5
2026-05-12 02:23:47,61,l:G._MCTS_NODE_EXPLORE_COUNT,1.671,0.0021,dict,dict len=12579,0.6349,3.2854,44.5
2026-05-12 02:23:47,61,l:G._MCTS_ALPHA_DECISION_EXPLORE_COUNT,1.3389,0.0064,dict,dict len=12532,0.6349,3.2854,44.5
2026-05-12 02:24:02,62,l:last_X,38.9953,-0.0,Population,Population,0.6107,3.2611,44.2
2026-05-12 02:24:02,62,l:X,38.9953,-0.0,Population,Population,0.6107,3.2611,44.2
2026-05-12 02:24:02,62,l:last_X._X_inst,38.2046,0.0,ndarray,"ndarray shape=(100151, 100) dtype=float32",0.6107,3.2611,44.2
2026-05-12 02:24:02,62,l:X._X_inst,38.2046,0.0,ndarray,"ndarray shape=(100151, 100) dtype=float32",0.6107,3.2611,44.2
2026-05-12 02:24:02,62,l:histories,19.5868,0.5944,dict,dict len=37,0.6107,3.2611,44.2
2026-05-12 02:24:02,62,l:histories['g_mcts_children'],18.1638,0.5626,list,list len=63,0.6107,3.2611,44.2
2026-05-12 02:24:02,62,l:G,15.8763,0.0234,Grammar,Grammar,0.6107,3.2611,44.2
2026-05-12 02:24:02,62,l:G._MCTS_CHILDREN,7.104,0.0135,dict,dict len=12605,0.6107,3.2611,44.2
2026-05-12 02:24:02,62,l:initialization_kwargs,4.3773,0.0,dict,dict len=15,0.6107,3.2611,44.2
2026-05-12 02:24:02,62,l:initialization_kwargs['grmr_prior'],4.3756,0.0,Grammar,Grammar,0.6107,3.2611,44.2
2026-05-12 02:24:02,62,l:G._MCTS_EDGE_EXPLORE_COUNT,3.4985,0.0056,dict,dict len=34651,0.6107,3.2611,44.2
2026-05-12 02:24:02,62,l:G._MCTS_ALPHA_EDGE_EXPLORE_COUNT,2.9576,0.0049,dict,dict len=30743,0.6107,3.2611,44.2
2026-05-12 02:24:02,62,l:alpha_sensor_by_ctx,1.7571,0.0033,dict,dict len=9070,0.6107,3.2611,44.2
2026-05-12 02:24:02,62,l:G._MCTS_NODE_EXPLORE_COUNT,1.6733,0.0023,dict,dict len=12605,0.6107,3.2611,44.2
2026-05-12 02:24:02,62,l:G._MCTS_ALPHA_DECISION_EXPLORE_COUNT,1.3407,0.0018,dict,dict len=12561,0.6107,3.2611,44.2
2026-05-12 02:24:37,63,l:last_X,38.9953,0.0001,Population,Population,0.6156,3.266,45.4
2026-05-12 02:24:37,63,l:X,38.9953,0.0001,Population,Population,0.6156,3.266,45.4
2026-05-12 02:24:37,63,l:last_X._X_inst,38.2046,0.0,ndarray,"ndarray shape=(100151, 100) dtype=float32",0.6156,3.266,45.4
2026-05-12 02:24:37,63,l:X._X_inst,38.2046,0.0,ndarray,"ndarray shape=(100151, 100) dtype=float32",0.6156,3.266,45.4
2026-05-12 02:24:37,63,l:histories,20.1989,0.6121,dict,dict len=37,0.6156,3.266,45.4
2026-05-12 02:24:37,63,l:histories['g_mcts_children'],18.7263,0.5626,list,list len=64,0.6156,3.266,45.4
2026-05-12 02:24:37,63,l:G,16.0455,0.1692,Grammar,Grammar,0.6156,3.266,45.4
2026-05-12 02:24:37,63,l:G._MCTS_CHILDREN,7.1766,0.0727,dict,dict len=12745,0.6156,3.266,45.4
2026-05-12 02:24:37,63,l:initialization_kwargs,4.3773,0.0,dict,dict len=15,0.6156,3.266,45.4
2026-05-12 02:24:37,63,l:initialization_kwargs['grmr_prior'],4.3756,0.0,Grammar,Grammar,0.6156,3.266,45.4
2026-05-12 02:24:37,63,l:G._MCTS_EDGE_EXPLORE_COUNT,3.5198,0.0213,dict,dict len=35124,0.6156,3.266,45.4
2026-05-12 02:24:37,63,l:G._MCTS_ALPHA_EDGE_EXPLORE_COUNT,2.9815,0.0239,dict,dict len=31173,0.6156,3.266,45.4
2026-05-12 02:24:37,63,l:alpha_sensor_by_ctx,1.7763,0.0192,dict,dict len=9188,0.6156,3.266,45.4
2026-05-12 02:24:37,63,l:G._MCTS_NODE_EXPLORE_COUNT,1.6891,0.0157,dict,dict len=12745,0.6156,3.266,45.4
2026-05-12 02:24:37,63,l:G._MCTS_ALPHA_DECISION_EXPLORE_COUNT,1.3505,0.0097,dict,dict len=12718,0.6156,3.266,45.4
2026-05-12 02:25:02,64,l:last_X,38.9956,0.0002,Population,Population,0.608,3.2584,45.4
2026-05-12 02:25:02,64,l:X,38.9956,0.0002,Population,Population,0.608,3.2584,45.4
2026-05-12 02:25:02,64,l:last_X._X_inst,38.2046,0.0,ndarray,"ndarray shape=(100151, 100) dtype=float32",0.608,3.2584,45.4
2026-05-12 02:25:02,64,l:X._X_inst,38.2046,0.0,ndarray,"ndarray shape=(100151, 100) dtype=float32",0.608,3.2584,45.4
2026-05-12 02:25:02,64,l:histories,20.8188,0.6199,dict,dict len=37,0.608,3.2584,45.4
2026-05-12 02:25:02,64,l:histories['g_mcts_children'],19.289,0.5627,list,list len=65,0.608,3.2584,45.4
2026-05-12 02:25:02,64,l:G,16.1013,0.0558,Grammar,Grammar,0.608,3.2584,45.4
2026-05-12 02:25:02,64,l:G._MCTS_CHILDREN,7.1979,0.0213,dict,dict len=12786,0.608,3.2584,45.4
2026-05-12 02:25:02,64,l:initialization_kwargs,4.4037,0.0264,dict,dict len=15,0.608,3.2584,45.4
2026-05-12 02:25:02,64,l:initialization_kwargs['grmr_prior'],4.4021,0.0264,Grammar,Grammar,0.608,3.2584,45.4
2026-05-12 02:25:02,64,l:G._MCTS_EDGE_EXPLORE_COUNT,3.529,0.0092,dict,dict len=35266,0.608,3.2584,45.4
2026-05-12 02:25:02,64,l:G._MCTS_ALPHA_EDGE_EXPLORE_COUNT,2.9936,0.0121,dict,dict len=31391,0.608,3.2584,45.4
2026-05-12 02:25:02,64,l:alpha_sensor_by_ctx,1.7828,0.0065,dict,dict len=9228,0.608,3.2584,45.4
2026-05-12 02:25:02,64,l:G._MCTS_NODE_EXPLORE_COUNT,1.6927,0.0036,dict,dict len=12786,0.608,3.2584,45.4
2026-05-12 02:25:02,64,l:G._MCTS_ALPHA_DECISION_EXPLORE_COUNT,1.3538,0.0033,dict,dict len=12771,0.608,3.2584,45.4
2026-05-12 02:25:35,65,l:last_X,38.9953,-0.0002,Population,Population,0.6423,3.2929,45.8
2026-05-12 02:25:35,65,l:X,38.9953,-0.0002,Population,Population,0.6423,3.2929,45.8
2026-05-12 02:25:35,65,l:last_X._X_inst,38.2046,0.0,ndarray,"ndarray shape=(100151, 100) dtype=float32",0.6423,3.2929,45.8
2026-05-12 02:25:35,65,l:X._X_inst,38.2046,0.0,ndarray,"ndarray shape=(100151, 100) dtype=float32",0.6423,3.2929,45.8
2026-05-12 02:25:35,65,l:histories,21.4356,0.6168,dict,dict len=37,0.6423,3.2929,45.8
2026-05-12 02:25:35,65,l:histories['g_mcts_children'],19.8516,0.5626,list,list len=66,0.6423,3.2929,45.8
2026-05-12 02:25:35,65,l:G,16.2234,0.122,Grammar,Grammar,0.6423,3.2929,45.8
2026-05-12 02:25:35,65,l:G._MCTS_CHILDREN,7.2633,0.0654,dict,dict len=12912,0.6423,3.2929,45.8
2026-05-12 02:25:35,65,l:initialization_kwargs,4.4106,0.0069,dict,dict len=15,0.6423,3.2929,45.8
2026-05-12 02:25:35,65,l:initialization_kwargs['grmr_prior'],4.409,0.0069,Grammar,Grammar,0.6423,3.2929,45.8
2026-05-12 02:25:35,65,l:G._MCTS_EDGE_EXPLORE_COUNT,3.5557,0.0267,dict,dict len=35679,0.6423,3.2929,45.8
2026-05-12 02:25:35,65,l:G._MCTS_ALPHA_EDGE_EXPLORE_COUNT,3.0191,0.0255,dict,dict len=31850,0.6423,3.2929,45.8
2026-05-12 02:25:35,65,l:alpha_sensor_by_ctx,1.8008,0.0181,dict,dict len=9339,0.6423,3.2929,45.8
2026-05-12 02:25:35,65,l:G._MCTS_NODE_EXPLORE_COUNT,1.7038,0.0111,dict,dict len=12912,0.6423,3.2929,45.8
2026-05-12 02:25:35,65,l:G._MCTS_ALPHA_DECISION_EXPLORE_COUNT,1.3597,0.0059,dict,dict len=12922,0.6423,3.2929,45.8
2026-05-12 02:25:50,66,l:last_X,38.9954,0.0,Population,Population,0.6196,3.2701,45.5
2026-05-12 02:25:50,66,l:X,38.9954,0.0,Population,Population,0.6196,3.2701,45.5
2026-05-12 02:25:50,66,l:last_X._X_inst,38.2046,0.0,ndarray,"ndarray shape=(100151, 100) dtype=float32",0.6196,3.2701,45.5
2026-05-12 02:25:50,66,l:X._X_inst,38.2046,0.0,ndarray,"ndarray shape=(100151, 100) dtype=float32",0.6196,3.2701,45.5
2026-05-12 02:25:50,66,l:histories,22.0523,0.6167,dict,dict len=37,0.6196,3.2701,45.5
2026-05-12 02:25:50,66,l:histories['g_mcts_children'],20.4142,0.5626,list,list len=67,0.6196,3.2701,45.5
2026-05-12 02:25:50,66,l:G,16.2636,0.0402,Grammar,Grammar,0.6196,3.2701,45.5
2026-05-12 02:25:50,66,l:G._MCTS_CHILDREN,7.2768,0.0135,dict,dict len=12938,0.6196,3.2701,45.5
2026-05-12 02:25:50,66,l:initialization_kwargs,4.4106,0.0,dict,dict len=15,0.6196,3.2701,45.5
2026-05-12 02:25:50,66,l:initialization_kwargs['grmr_prior'],4.409,0.0,Grammar,Grammar,0.6196,3.2701,45.5
2026-05-12 02:25:50,66,l:G._MCTS_EDGE_EXPLORE_COUNT,3.5605,0.0048,dict,dict len=35754,0.6196,3.2701,45.5
2026-05-12 02:25:50,66,l:G._MCTS_ALPHA_EDGE_EXPLORE_COUNT,3.0239,0.0048,dict,dict len=31936,0.6196,3.2701,45.5
2026-05-12 02:25:50,66,l:alpha_sensor_by_ctx,1.8051,0.0042,dict,dict len=9365,0.6196,3.2701,45.5
2026-05-12 02:25:50,66,l:G._MCTS_NODE_EXPLORE_COUNT,1.7027,-0.0012,dict,dict len=12938,0.6196,3.2701,45.5
2026-05-12 02:25:50,66,l:G._MCTS_ALPHA_DECISION_EXPLORE_COUNT,1.3582,-0.0015,dict,dict len=12954,0.6196,3.2701,45.5
2026-05-12 02:26:20,67,l:last_X,38.9953,-0.0001,Population,Population,0.6137,3.2642,45.4
2026-05-12 02:26:20,67,l:X,38.9953,-0.0001,Population,Population,0.6137,3.2642,45.4
2026-05-12 02:26:20,67,l:last_X._X_inst,38.2046,0.0,ndarray,"ndarray shape=(100151, 100) dtype=float32",0.6137,3.2642,45.4
2026-05-12 02:26:20,67,l:X._X_inst,38.2046,0.0,ndarray,"ndarray shape=(100151, 100) dtype=float32",0.6137,3.2642,45.4
2026-05-12 02:26:20,67,l:histories,22.669,0.6167,dict,dict len=37,0.6137,3.2642,45.4
2026-05-12 02:26:20,67,l:histories['g_mcts_children'],20.9768,0.5626,list,list len=68,0.6137,3.2642,45.4
2026-05-12 02:26:20,67,l:G,16.3534,0.0898,Grammar,Grammar,0.6137,3.2642,45.4
2026-05-12 02:26:20,67,l:G._MCTS_CHILDREN,7.3245,0.0477,dict,dict len=13030,0.6137,3.2642,45.4
2026-05-12 02:26:20,67,l:initialization_kwargs,4.4106,0.0,dict,dict len=15,0.6137,3.2642,45.4
2026-05-12 02:26:20,67,l:initialization_kwargs['grmr_prior'],4.409,0.0,Grammar,Grammar,0.6137,3.2642,45.4
2026-05-12 02:26:20,67,l:G._MCTS_EDGE_EXPLORE_COUNT,3.5888,0.0282,dict,dict len=36042,0.6137,3.2642,45.4
2026-05-12 02:26:20,67,l:G._MCTS_ALPHA_EDGE_EXPLORE_COUNT,3.0459,0.022,dict,dict len=32333,0.6137,3.2642,45.4
2026-05-12 02:26:20,67,l:alpha_sensor_by_ctx,1.8186,0.0135,dict,dict len=9448,0.6137,3.2642,45.4
2026-05-12 02:26:20,67,l:G._MCTS_NODE_EXPLORE_COUNT,1.7108,0.0081,dict,dict len=13030,0.6137,3.2642,45.4
2026-05-12 02:26:20,67,l:G._MCTS_ALPHA_DECISION_EXPLORE_COUNT,1.3648,0.0066,dict,dict len=13062,0.6137,3.2642,45.4
2026-05-12 02:26:36,68,l:last_X,38.9954,0.0001,Population,Population,0.6166,3.2672,45.4
2026-05-12 02:26:36,68,l:X,38.9954,0.0001,Population,Population,0.6166,3.2672,45.4
2026-05-12 02:26:36,68,l:last_X._X_inst,38.2046,0.0,ndarray,"ndarray shape=(100151, 100) dtype=float32",0.6166,3.2672,45.4
2026-05-12 02:26:36,68,l:X._X_inst,38.2046,0.0,ndarray,"ndarray shape=(100151, 100) dtype=float32",0.6166,3.2672,45.4
2026-05-12 02:26:36,68,l:histories,23.2857,0.6167,dict,dict len=37,0.6166,3.2672,45.4
2026-05-12 02:26:36,68,l:histories['g_mcts_children'],21.5394,0.5626,list,list len=69,0.6166,3.2672,45.4
2026-05-12 02:26:36,68,l:G,16.3843,0.0309,Grammar,Grammar,0.6166,3.2672,45.4
2026-05-12 02:26:36,68,l:G._MCTS_CHILDREN,7.3406,0.0161,dict,dict len=13061,0.6166,3.2672,45.4
2026-05-12 02:26:36,68,l:initialization_kwargs,4.4106,0.0,dict,dict len=15,0.6166,3.2672,45.4
2026-05-12 02:26:36,68,l:initialization_kwargs['grmr_prior'],4.409,0.0,Grammar,Grammar,0.6166,3.2672,45.4
2026-05-12 02:26:36,68,l:G._MCTS_EDGE_EXPLORE_COUNT,3.596,0.0073,dict,dict len=36154,0.6166,3.2672,45.4
2026-05-12 02:26:36,68,l:G._MCTS_ALPHA_EDGE_EXPLORE_COUNT,3.0508,0.0049,dict,dict len=32421,0.6166,3.2672,45.4
2026-05-12 02:26:36,68,l:alpha_sensor_by_ctx,1.8228,0.0042,dict,dict len=9474,0.6166,3.2672,45.4
2026-05-12 02:26:36,68,l:G._MCTS_NODE_EXPLORE_COUNT,1.717,0.0062,dict,dict len=13061,0.6166,3.2672,45.4
2026-05-12 02:26:36,68,l:G._MCTS_ALPHA_DECISION_EXPLORE_COUNT,1.3671,0.0023,dict,dict len=13099,0.6166,3.2672,45.4
2026-05-12 02:27:09,69,l:last_X,38.9954,-0.0,Population,Population,0.6226,3.2733,45.6
2026-05-12 02:27:09,69,l:X,38.9954,-0.0,Population,Population,0.6226,3.2733,45.6
2026-05-12 02:27:09,69,l:last_X._X_inst,38.2046,0.0,ndarray,"ndarray shape=(100151, 100) dtype=float32",0.6226,3.2733,45.6
2026-05-12 02:27:09,69,l:X._X_inst,38.2046,0.0,ndarray,"ndarray shape=(100151, 100) dtype=float32",0.6226,3.2733,45.6
2026-05-12 02:27:09,69,l:histories,23.9024,0.6167,dict,dict len=37,0.6226,3.2733,45.6
2026-05-12 02:27:09,69,l:histories['g_mcts_children'],22.1019,0.5626,list,list len=70,0.6226,3.2733,45.6
2026-05-12 02:27:09,69,l:G,16.53,0.1457,Grammar,Grammar,0.6226,3.2733,45.6
2026-05-12 02:27:09,69,l:G._MCTS_CHILDREN,7.4091,0.0685,dict,dict len=13193,0.6226,3.2733,45.6
2026-05-12 02:27:09,69,l:initialization_kwargs,4.4106,0.0,dict,dict len=15,0.6226,3.2733,45.6
2026-05-12 02:27:09,69,l:initialization_kwargs['grmr_prior'],4.409,0.0,Grammar,Grammar,0.6226,3.2733,45.6
2026-05-12 02:27:09,69,l:G._MCTS_EDGE_EXPLORE_COUNT,3.6127,0.0167,dict,dict len=36562,0.6226,3.2733,45.6
2026-05-12 02:27:09,69,l:G._MCTS_ALPHA_EDGE_EXPLORE_COUNT,3.0822,0.0314,dict,dict len=32986,0.6226,3.2733,45.6
2026-05-12 02:27:09,69,l:alpha_sensor_by_ctx,1.8427,0.0198,dict,dict len=9596,0.6226,3.2733,45.6
2026-05-12 02:27:09,69,l:G._MCTS_NODE_EXPLORE_COUNT,1.7287,0.0117,dict,dict len=13193,0.6226,3.2733,45.6
2026-05-12 02:27:09,69,l:G._MCTS_ALPHA_DECISION_EXPLORE_COUNT,1.3768,0.0097,dict,dict len=13257,0.6226,3.2733,45.6
2026-05-12 02:27:34,70,l:last_X,38.9954,0.0,Population,Population,0.6332,3.284,45.8
2026-05-12 02:27:34,70,l:X,38.9954,0.0,Population,Population,0.6332,3.284,45.8
2026-05-12 02:27:34,70,l:last_X._X_inst,38.2046,0.0,ndarray,"ndarray shape=(100151, 100) dtype=float32",0.6332,3.284,45.8
2026-05-12 02:27:34,70,l:X._X_inst,38.2046,0.0,ndarray,"ndarray shape=(100151, 100) dtype=float32",0.6332,3.284,45.8
2026-05-12 02:27:34,70,l:histories,24.5192,0.6168,dict,dict len=37,0.6332,3.284,45.8
2026-05-12 02:27:34,70,l:histories['g_mcts_children'],22.6645,0.5626,list,list len=71,0.6332,3.284,45.8
2026-05-12 02:27:34,70,l:G,16.575,0.0451,Grammar,Grammar,0.6332,3.284,45.8
2026-05-12 02:27:34,70,l:G._MCTS_CHILDREN,7.4356,0.0265,dict,dict len=13244,0.6332,3.284,45.8
2026-05-12 02:27:34,70,l:initialization_kwargs,4.4106,0.0,dict,dict len=15,0.6332,3.284,45.8
2026-05-12 02:27:34,70,l:initialization_kwargs['grmr_prior'],4.409,0.0,Grammar,Grammar,0.6332,3.284,45.8
2026-05-12 02:27:34,70,l:G._MCTS_EDGE_EXPLORE_COUNT,3.6123,-0.0005,dict,dict len=36706,0.6332,3.284,45.8
2026-05-12 02:27:34,70,l:G._MCTS_ALPHA_EDGE_EXPLORE_COUNT,3.0971,0.0149,dict,dict len=33254,0.6332,3.284,45.8
2026-05-12 02:27:34,70,l:alpha_sensor_by_ctx,1.8487,0.006,dict,dict len=9633,0.6332,3.284,45.8
2026-05-12 02:27:34,70,l:G._MCTS_NODE_EXPLORE_COUNT,1.7367,0.008,dict,dict len=13244,0.6332,3.284,45.8
2026-05-12 02:27:34,70,l:G._MCTS_ALPHA_DECISION_EXPLORE_COUNT,1.3802,0.0034,dict,dict len=13313,0.6332,3.284,45.8
2026-05-12 02:27:53,71,l:last_X,38.9954,0.0,Population,Population,0.6444,3.2952,45.8
2026-05-12 02:27:53,71,l:X,38.9954,0.0,Population,Population,0.6444,3.2952,45.8
2026-05-12 02:27:53,71,l:last_X._X_inst,38.2046,0.0,ndarray,"ndarray shape=(100151, 100) dtype=float32",0.6444,3.2952,45.8
2026-05-12 02:27:53,71,l:X._X_inst,38.2046,0.0,ndarray,"ndarray shape=(100151, 100) dtype=float32",0.6444,3.2952,45.8
2026-05-12 02:27:53,71,l:histories,25.1359,0.6167,dict,dict len=37,0.6444,3.2952,45.8
2026-05-12 02:27:53,71,l:histories['g_mcts_children'],23.2271,0.5626,list,list len=72,0.6444,3.2952,45.8
2026-05-12 02:27:53,71,l:G,16.6054,0.0304,Grammar,Grammar,0.6444,3.2952,45.8
2026-05-12 02:27:53,71,l:G._MCTS_CHILDREN,7.4584,0.0228,dict,dict len=13288,0.6444,3.2952,45.8
2026-05-12 02:27:53,71,l:initialization_kwargs,4.4106,0.0,dict,dict len=15,0.6444,3.2952,45.8
2026-05-12 02:27:53,71,l:initialization_kwargs['grmr_prior'],4.409,0.0,Grammar,Grammar,0.6444,3.2952,45.8
2026-05-12 02:27:53,71,l:G._MCTS_EDGE_EXPLORE_COUNT,3.6205,0.0082,dict,dict len=36834,0.6444,3.2952,45.8
2026-05-12 02:27:53,71,l:G._MCTS_ALPHA_EDGE_EXPLORE_COUNT,3.103,0.0059,dict,dict len=33360,0.6444,3.2952,45.8
2026-05-12 02:27:53,71,l:alpha_sensor_by_ctx,1.8534,0.0047,dict,dict len=9662,0.6444,3.2952,45.8
2026-05-12 02:27:53,71,l:G._MCTS_NODE_EXPLORE_COUNT,1.7406,0.0039,dict,dict len=13288,0.6444,3.2952,45.8
2026-05-12 02:27:53,71,l:G._MCTS_ALPHA_DECISION_EXPLORE_COUNT,1.3821,0.0019,dict,dict len=13344,0.6444,3.2952,45.8
2026-05-12 02:28:20,72,l:last_X,38.9954,-0.0,Population,Population,0.6722,3.3232,46.2
2026-05-12 02:28:20,72,l:X,38.9954,-0.0,Population,Population,0.6722,3.3232,46.2
2026-05-12 02:28:20,72,l:last_X._X_inst,38.2046,0.0,ndarray,"ndarray shape=(100151, 100) dtype=float32",0.6722,3.3232,46.2
2026-05-12 02:28:20,72,l:X._X_inst,38.2046,0.0,ndarray,"ndarray shape=(100151, 100) dtype=float32",0.6722,3.3232,46.2
2026-05-12 02:28:20,72,l:histories,25.7526,0.6167,dict,dict len=37,0.6722,3.3232,46.2
2026-05-12 02:28:20,72,l:histories['g_mcts_children'],23.7897,0.5626,list,list len=73,0.6722,3.3232,46.2
2026-05-12 02:28:20,72,l:G,16.6947,0.0893,Grammar,Grammar,0.6722,3.3232,46.2
2026-05-12 02:28:20,72,l:G._MCTS_CHILDREN,7.488,0.0296,dict,dict len=13345,0.6722,3.3232,46.2
2026-05-12 02:28:20,72,l:initialization_kwargs,4.4106,0.0,dict,dict len=15,0.6722,3.3232,46.2
2026-05-12 02:28:20,72,l:initialization_kwargs['grmr_prior'],4.409,0.0,Grammar,Grammar,0.6722,3.3232,46.2
2026-05-12 02:28:20,72,l:G._MCTS_EDGE_EXPLORE_COUNT,3.6518,0.0314,dict,dict len=37014,0.6722,3.3232,46.2
2026-05-12 02:28:20,72,l:G._MCTS_ALPHA_EDGE_EXPLORE_COUNT,3.117,0.0141,dict,dict len=33613,0.6722,3.3232,46.2
2026-05-12 02:28:20,72,l:alpha_sensor_by_ctx,1.8594,0.006,dict,dict len=9708,0.6722,3.3232,46.2
2026-05-12 02:28:20,72,l:G._MCTS_NODE_EXPLORE_COUNT,1.7492,0.0086,dict,dict len=13345,0.6722,3.3232,46.2
2026-05-12 02:28:20,72,l:G._MCTS_ALPHA_DECISION_EXPLORE_COUNT,1.39,0.0079,dict,dict len=13414,0.6722,3.3232,46.2
2026-05-12 02:28:37,73,l:last_X,38.9953,-0.0001,Population,Population,0.6512,3.302,46.0
2026-05-12 02:28:37,73,l:X,38.9953,-0.0001,Population,Population,0.6512,3.302,46.0
2026-05-12 02:28:37,73,l:last_X._X_inst,38.2046,0.0,ndarray,"ndarray shape=(100151, 100) dtype=float32",0.6512,3.302,46.0
2026-05-12 02:28:37,73,l:X._X_inst,38.2046,0.0,ndarray,"ndarray shape=(100151, 100) dtype=float32",0.6512,3.302,46.0
2026-05-12 02:28:37,73,l:histories,26.3692,0.6166,dict,dict len=37,0.6512,3.302,46.0
2026-05-12 02:28:37,73,l:histories['g_mcts_children'],24.3523,0.5626,list,list len=74,0.6512,3.302,46.0
2026-05-12 02:28:37,73,l:G,16.7371,0.0424,Grammar,Grammar,0.6512,3.302,46.0
2026-05-12 02:28:37,73,l:G._MCTS_CHILDREN,7.5082,0.0202,dict,dict len=13384,0.6512,3.302,46.0
2026-05-12 02:28:37,73,l:initialization_kwargs,4.4106,0.0,dict,dict len=15,0.6512,3.302,46.0
2026-05-12 02:28:37,73,l:initialization_kwargs['grmr_prior'],4.409,0.0,Grammar,Grammar,0.6512,3.302,46.0
2026-05-12 02:28:37,73,l:G._MCTS_EDGE_EXPLORE_COUNT,3.6595,0.0077,dict,dict len=37132,0.6512,3.302,46.0
2026-05-12 02:28:37,73,l:G._MCTS_ALPHA_EDGE_EXPLORE_COUNT,3.124,0.007,dict,dict len=33739,0.6512,3.302,46.0
2026-05-12 02:28:37,73,l:alpha_sensor_by_ctx,1.8659,0.0065,dict,dict len=9748,0.6512,3.302,46.0
2026-05-12 02:28:37,73,l:G._MCTS_NODE_EXPLORE_COUNT,1.7527,0.0035,dict,dict len=13384,0.6512,3.302,46.0
2026-05-12 02:28:37,73,l:G._MCTS_ALPHA_DECISION_EXPLORE_COUNT,1.3933,0.0033,dict,dict len=13467,0.6512,3.302,46.0
2026-05-12 02:29:00,74,l:last_X,38.9955,0.0002,Population,Population,0.6602,3.311,46.0
2026-05-12 02:29:00,74,l:X,38.9955,0.0002,Population,Population,0.6602,3.311,46.0
2026-05-12 02:29:00,74,l:last_X._X_inst,38.2046,0.0,ndarray,"ndarray shape=(100151, 100) dtype=float32",0.6602,3.311,46.0
2026-05-12 02:29:00,74,l:X._X_inst,38.2046,0.0,ndarray,"ndarray shape=(100151, 100) dtype=float32",0.6602,3.311,46.0
2026-05-12 02:29:00,74,l:histories,26.9859,0.6167,dict,dict len=37,0.6602,3.311,46.0
2026-05-12 02:29:00,74,l:histories['g_mcts_children'],24.9149,0.5626,list,list len=75,0.6602,3.311,46.0
2026-05-12 02:29:00,74,l:G,16.7749,0.0378,Grammar,Grammar,0.6602,3.311,46.0
2026-05-12 02:29:00,74,l:G._MCTS_CHILDREN,7.529,0.0208,dict,dict len=13424,0.6602,3.311,46.0
2026-05-12 02:29:00,74,l:initialization_kwargs,4.4106,0.0,dict,dict len=15,0.6602,3.311,46.0
2026-05-12 02:29:00,74,l:initialization_kwargs['grmr_prior'],4.409,0.0,Grammar,Grammar,0.6602,3.311,46.0
2026-05-12 02:29:00,74,l:G._MCTS_EDGE_EXPLORE_COUNT,3.677,0.0175,dict,dict len=37249,0.6602,3.311,46.0
2026-05-12 02:29:00,74,l:G._MCTS_ALPHA_EDGE_EXPLORE_COUNT,3.1369,0.0129,dict,dict len=33971,0.6602,3.311,46.0
2026-05-12 02:29:00,74,l:alpha_sensor_by_ctx,1.8716,0.0057,dict,dict len=9783,0.6602,3.311,46.0
2026-05-12 02:29:00,74,l:G._MCTS_NODE_EXPLORE_COUNT,1.7563,0.0036,dict,dict len=13424,0.6602,3.311,46.0
2026-05-12 02:29:00,74,l:G._MCTS_ALPHA_DECISION_EXPLORE_COUNT,1.3966,0.0033,dict,dict len=13521,0.6602,3.311,46.0
2026-05-12 02:29:17,75,l:last_X,38.9954,-0.0001,Population,Population,0.6581,3.3089,46.0
2026-05-12 02:29:17,75,l:X,38.9954,-0.0001,Population,Population,0.6581,3.3089,46.0
2026-05-12 02:29:17,75,l:last_X._X_inst,38.2046,0.0,ndarray,"ndarray shape=(100151, 100) dtype=float32",0.6581,3.3089,46.0
2026-05-12 02:29:17,75,l:X._X_inst,38.2046,0.0,ndarray,"ndarray shape=(100151, 100) dtype=float32",0.6581,3.3089,46.0
2026-05-12 02:29:17,75,l:histories,27.6026,0.6167,dict,dict len=37,0.6581,3.3089,46.0
2026-05-12 02:29:17,75,l:histories['g_mcts_children'],25.4774,0.5626,list,list len=76,0.6581,3.3089,46.0
2026-05-12 02:29:17,75,l:G,16.8052,0.0304,Grammar,Grammar,0.6581,3.3089,46.0
2026-05-12 02:29:17,75,l:G._MCTS_CHILDREN,7.5472,0.0182,dict,dict len=13459,0.6581,3.3089,46.0
2026-05-12 02:29:17,75,l:initialization_kwargs,4.4106,0.0,dict,dict len=15,0.6581,3.3089,46.0
2026-05-12 02:29:17,75,l:initialization_kwargs['grmr_prior'],4.409,0.0,Grammar,Grammar,0.6581,3.3089,46.0
2026-05-12 02:29:17,75,l:G._MCTS_EDGE_EXPLORE_COUNT,3.6828,0.0058,dict,dict len=37338,0.6581,3.3089,46.0
2026-05-12 02:29:17,75,l:G._MCTS_ALPHA_EDGE_EXPLORE_COUNT,3.1429,0.0061,dict,dict len=34080,0.6581,3.3089,46.0
2026-05-12 02:29:17,75,l:alpha_sensor_by_ctx,1.8747,0.0031,dict,dict len=9802,0.6581,3.3089,46.0
2026-05-12 02:29:17,75,l:G._MCTS_NODE_EXPLORE_COUNT,1.7594,0.0031,dict,dict len=13459,0.6581,3.3089,46.0
2026-05-12 02:29:17,75,l:G._MCTS_ALPHA_DECISION_EXPLORE_COUNT,1.3985,0.0019,dict,dict len=13552,0.6581,3.3089,46.0
2026-05-12 02:29:32,76,l:last_X,38.9954,-0.0,Population,Population,0.6682,3.319,46.1
2026-05-12 02:29:32,76,l:X,38.9954,-0.0,Population,Population,0.6682,3.319,46.1
2026-05-12 02:29:32,76,l:last_X._X_inst,38.2046,0.0,ndarray,"ndarray shape=(100151, 100) dtype=float32",0.6682,3.319,46.1
2026-05-12 02:29:32,76,l:X._X_inst,38.2046,0.0,ndarray,"ndarray shape=(100151, 100) dtype=float32",0.6682,3.319,46.1
2026-05-12 02:29:32,76,l:histories,28.2234,0.6208,dict,dict len=37,0.6682,3.319,46.1
2026-05-12 02:29:32,76,l:histories['g_mcts_children'],26.0402,0.5627,list,list len=77,0.6682,3.319,46.1
2026-05-12 02:29:32,76,l:G,16.8158,0.0106,Grammar,Grammar,0.6682,3.319,46.1
2026-05-12 02:29:32,76,l:G._MCTS_CHILDREN,7.5518,0.0047,dict,dict len=13468,0.6682,3.319,46.1
2026-05-12 02:29:32,76,l:initialization_kwargs,4.4106,0.0,dict,dict len=15,0.6682,3.319,46.1
2026-05-12 02:29:32,76,l:initialization_kwargs['grmr_prior'],4.409,0.0,Grammar,Grammar,0.6682,3.319,46.1
2026-05-12 02:29:32,76,l:G._MCTS_EDGE_EXPLORE_COUNT,3.6854,0.0026,dict,dict len=37378,0.6682,3.319,46.1
2026-05-12 02:29:32,76,l:G._MCTS_ALPHA_EDGE_EXPLORE_COUNT,3.1446,0.0016,dict,dict len=34109,0.6682,3.319,46.1
2026-05-12 02:29:32,76,l:alpha_sensor_by_ctx,1.8761,0.0015,dict,dict len=9811,0.6682,3.319,46.1
2026-05-12 02:29:32,76,l:G._MCTS_NODE_EXPLORE_COUNT,1.7602,0.0008,dict,dict len=13468,0.6682,3.319,46.1
2026-05-12 02:29:32,76,l:G._MCTS_ALPHA_DECISION_EXPLORE_COUNT,1.3993,0.0007,dict,dict len=13564,0.6682,3.319,46.1
2026-05-12 02:29:48,77,l:last_X,38.9953,-0.0001,Population,Population,0.6714,3.3229,46.2
2026-05-12 02:29:48,77,l:X,38.9953,-0.0001,Population,Population,0.6714,3.3229,46.2
2026-05-12 02:29:48,77,l:last_X._X_inst,38.2046,0.0,ndarray,"ndarray shape=(100151, 100) dtype=float32",0.6714,3.3229,46.2
2026-05-12 02:29:48,77,l:X._X_inst,38.2046,0.0,ndarray,"ndarray shape=(100151, 100) dtype=float32",0.6714,3.3229,46.2
2026-05-12 02:29:48,77,l:histories,28.8401,0.6167,dict,dict len=37,0.6714,3.3229,46.2
2026-05-12 02:29:48,77,l:histories['g_mcts_children'],26.6027,0.5626,list,list len=78,0.6714,3.3229,46.2
2026-05-12 02:29:48,77,l:G,16.8757,0.0599,Grammar,Grammar,0.6714,3.3229,46.2
2026-05-12 02:29:48,77,l:G._MCTS_CHILDREN,7.5897,0.0379,dict,dict len=13541,0.6714,3.3229,46.2
2026-05-12 02:29:48,77,l:initialization_kwargs,4.4106,0.0,dict,dict len=15,0.6714,3.3229,46.2
2026-05-12 02:29:48,77,l:initialization_kwargs['grmr_prior'],4.409,0.0,Grammar,Grammar,0.6714,3.3229,46.2
2026-05-12 02:29:48,77,l:G._MCTS_EDGE_EXPLORE_COUNT,3.6969,0.0115,dict,dict len=37554,0.6714,3.3229,46.2
2026-05-12 02:29:48,77,l:G._MCTS_ALPHA_EDGE_EXPLORE_COUNT,3.1496,0.005,dict,dict len=34199,0.6714,3.3229,46.2
2026-05-12 02:29:48,77,l:alpha_sensor_by_ctx,1.8833,0.0072,dict,dict len=9855,0.6714,3.3229,46.2
2026-05-12 02:29:48,77,l:G._MCTS_NODE_EXPLORE_COUNT,1.7667,0.0065,dict,dict len=13541,0.6714,3.3229,46.2
2026-05-12 02:29:48,77,l:G._MCTS_ALPHA_DECISION_EXPLORE_COUNT,1.4028,0.0035,dict,dict len=13621,0.6714,3.3229,46.2
2026-05-12 02:30:20,78,l:last_X,38.9954,0.0001,Population,Population,0.7034,3.3543,46.6
2026-05-12 02:30:20,78,l:X,38.9954,0.0001,Population,Population,0.7034,3.3543,46.6
2026-05-12 02:30:20,78,l:last_X._X_inst,38.2046,0.0,ndarray,"ndarray shape=(100151, 100) dtype=float32",0.7034,3.3543,46.6
2026-05-12 02:30:20,78,l:X._X_inst,38.2046,0.0,ndarray,"ndarray shape=(100151, 100) dtype=float32",0.7034,3.3543,46.6
2026-05-12 02:30:20,78,l:histories,29.4615,0.6214,dict,dict len=37,0.7034,3.3543,46.6
2026-05-12 02:30:20,78,l:histories['g_mcts_children'],27.1653,0.5626,list,list len=79,0.7034,3.3543,46.6
2026-05-12 02:30:20,78,l:G,16.9607,0.085,Grammar,Grammar,0.7034,3.3543,46.6
2026-05-12 02:30:20,78,l:G._MCTS_CHILDREN,7.639,0.0493,dict,dict len=13636,0.7034,3.3543,46.6
2026-05-12 02:30:20,78,l:initialization_kwargs,4.4106,0.0,dict,dict len=15,0.7034,3.3543,46.6
2026-05-12 02:30:20,78,l:initialization_kwargs['grmr_prior'],4.409,0.0,Grammar,Grammar,0.7034,3.3543,46.6
2026-05-12 02:30:20,78,l:G._MCTS_EDGE_EXPLORE_COUNT,3.7079,0.011,dict,dict len=37878,0.7034,3.3543,46.6
2026-05-12 02:30:20,78,l:G._MCTS_ALPHA_EDGE_EXPLORE_COUNT,3.1683,0.0187,dict,dict len=34536,0.7034,3.3543,46.6
2026-05-12 02:30:20,78,l:alpha_sensor_by_ctx,1.8955,0.0122,dict,dict len=9930,0.7034,3.3543,46.6
2026-05-12 02:30:20,78,l:G._MCTS_NODE_EXPLORE_COUNT,1.7751,0.0084,dict,dict len=13636,0.7034,3.3543,46.6
2026-05-12 02:30:20,78,l:G._MCTS_ALPHA_DECISION_EXPLORE_COUNT,1.4093,0.0065,dict,dict len=13727,0.7034,3.3543,46.6
2026-05-12 02:31:29,79,l:last_X,38.9953,-0.0001,Population,Population,0.6809,3.3317,46.3
2026-05-12 02:31:29,79,l:X,38.9953,-0.0001,Population,Population,0.6809,3.3317,46.3
2026-05-12 02:31:29,79,l:last_X._X_inst,38.2046,0.0,ndarray,"ndarray shape=(100151, 100) dtype=float32",0.6809,3.3317,46.3
2026-05-12 02:31:29,79,l:X._X_inst,38.2046,0.0,ndarray,"ndarray shape=(100151, 100) dtype=float32",0.6809,3.3317,46.3
2026-05-12 02:31:29,79,l:histories,30.0829,0.6214,dict,dict len=37,0.6809,3.3317,46.3
2026-05-12 02:31:29,79,l:histories['g_mcts_children'],27.7279,0.5626,list,list len=80,0.6809,3.3317,46.3
2026-05-12 02:31:29,79,l:G,17.2241,0.2633,Grammar,Grammar,0.6809,3.3317,46.3
2026-05-12 02:31:29,79,l:G._MCTS_CHILDREN,7.7516,0.1126,dict,dict len=13853,0.6809,3.3317,46.3
2026-05-12 02:31:29,79,l:initialization_kwargs,4.4176,0.0069,dict,dict len=15,0.6809,3.3317,46.3
2026-05-12 02:31:29,79,l:initialization_kwargs['grmr_prior'],4.4159,0.0069,Grammar,Grammar,0.6809,3.3317,46.3
2026-05-12 02:31:29,79,l:G._MCTS_EDGE_EXPLORE_COUNT,3.778,0.0701,dict,dict len=38641,0.6809,3.3317,46.3
2026-05-12 02:31:29,79,l:G._MCTS_ALPHA_EDGE_EXPLORE_COUNT,3.2415,0.0733,dict,dict len=35855,0.6809,3.3317,46.3
2026-05-12 02:31:29,79,l:alpha_sensor_by_ctx,1.9272,0.0317,dict,dict len=10130,0.6809,3.3317,46.3
2026-05-12 02:31:29,79,l:G._MCTS_NODE_EXPLORE_COUNT,1.8055,0.0304,dict,dict len=13853,0.6809,3.3317,46.3
2026-05-12 02:31:29,79,l:G._MCTS_ALPHA_DECISION_EXPLORE_COUNT,1.4266,0.0173,dict,dict len=14007,0.6809,3.3317,46.3
2026-05-12 02:32:04,80,l:last_X,38.9953,-0.0,Population,Population,0.7103,3.3612,46.7
2026-05-12 02:32:04,80,l:X,38.9953,-0.0,Population,Population,0.7103,3.3612,46.7
2026-05-12 02:32:04,80,l:last_X._X_inst,38.2046,0.0,ndarray,"ndarray shape=(100151, 100) dtype=float32",0.7103,3.3612,46.7
2026-05-12 02:32:04,80,l:X._X_inst,38.2046,0.0,ndarray,"ndarray shape=(100151, 100) dtype=float32",0.7103,3.3612,46.7
2026-05-12 02:32:04,80,l:histories,30.7043,0.6213,dict,dict len=37,0.7103,3.3612,46.7
2026-05-12 02:32:04,80,l:histories['g_mcts_children'],28.2905,0.5626,list,list len=81,0.7103,3.3612,46.7
2026-05-12 02:32:04,80,l:G,17.3241,0.1,Grammar,Grammar,0.7103,3.3612,46.7
2026-05-12 02:32:04,80,l:G._MCTS_CHILDREN,7.7931,0.0415,dict,dict len=13933,0.7103,3.3612,46.7
2026-05-12 02:32:04,80,l:initialization_kwargs,4.4176,0.0,dict,dict len=15,0.7103,3.3612,46.7
2026-05-12 02:32:04,80,l:initialization_kwargs['grmr_prior'],4.4159,0.0,Grammar,Grammar,0.7103,3.3612,46.7
2026-05-12 02:32:04,80,l:G._MCTS_EDGE_EXPLORE_COUNT,3.8043,0.0262,dict,dict len=38883,0.7103,3.3612,46.7
2026-05-12 02:32:04,80,l:G._MCTS_ALPHA_EDGE_EXPLORE_COUNT,3.2631,0.0216,dict,dict len=36243,0.7103,3.3612,46.7
2026-05-12 02:32:04,80,l:alpha_sensor_by_ctx,1.9378,0.0106,dict,dict len=10195,0.7103,3.3612,46.7
2026-05-12 02:32:04,80,l:G._MCTS_NODE_EXPLORE_COUNT,1.8164,0.0109,dict,dict len=13933,0.7103,3.3612,46.7
2026-05-12 02:32:04,80,l:G._MCTS_ALPHA_DECISION_EXPLORE_COUNT,1.436,0.0094,dict,dict len=14098,0.7103,3.3612,46.7
2026-05-12 02:32:37,81,l:last_X,38.9955,0.0002,Population,Population,0.6887,3.3395,46.4
2026-05-12 02:32:37,81,l:X,38.9955,0.0002,Population,Population,0.6887,3.3395,46.4
2026-05-12 02:32:37,81,l:last_X._X_inst,38.2046,0.0,ndarray,"ndarray shape=(100151, 100) dtype=float32",0.6887,3.3395,46.4
2026-05-12 02:32:37,81,l:X._X_inst,38.2046,0.0,ndarray,"ndarray shape=(100151, 100) dtype=float32",0.6887,3.3395,46.4
2026-05-12 02:32:37,81,l:histories,31.3256,0.6214,dict,dict len=37,0.6887,3.3395,46.4
2026-05-12 02:32:37,81,l:histories['g_mcts_children'],28.8531,0.5626,list,list len=82,0.6887,3.3395,46.4
2026-05-12 02:32:37,81,l:G,17.4114,0.0873,Grammar,Grammar,0.6887,3.3395,46.4
2026-05-12 02:32:37,81,l:G._MCTS_CHILDREN,7.8269,0.0337,dict,dict len=13998,0.6887,3.3395,46.4
2026-05-12 02:32:37,81,l:initialization_kwargs,4.4176,0.0,dict,dict len=15,0.6887,3.3395,46.4
2026-05-12 02:32:37,81,l:initialization_kwargs['grmr_prior'],4.4159,0.0,Grammar,Grammar,0.6887,3.3395,46.4
2026-05-12 02:32:37,81,l:G._MCTS_EDGE_EXPLORE_COUNT,3.8185,0.0143,dict,dict len=39100,0.6887,3.3395,46.4
2026-05-12 02:32:37,81,l:G._MCTS_ALPHA_EDGE_EXPLORE_COUNT,3.2826,0.0195,dict,dict len=36594,0.6887,3.3395,46.4
2026-05-12 02:32:37,81,l:alpha_sensor_by_ctx,1.9457,0.008,dict,dict len=10244,0.6887,3.3395,46.4
2026-05-12 02:32:37,81,l:G._MCTS_NODE_EXPLORE_COUNT,1.8222,0.0058,dict,dict len=13998,0.6887,3.3395,46.4
2026-05-12 02:32:37,81,l:G._MCTS_ALPHA_DECISION_EXPLORE_COUNT,1.4408,0.0048,dict,dict len=14176,0.6887,3.3395,46.4
2026-05-12 02:33:13,82,l:last_X,38.9954,-0.0,Population,Population,0.716,3.367,46.8
2026-05-12 02:33:13,82,l:X,38.9954,-0.0,Population,Population,0.716,3.367,46.8
2026-05-12 02:33:13,82,l:last_X._X_inst,38.2046,0.0,ndarray,"ndarray shape=(100151, 100) dtype=float32",0.716,3.367,46.8
2026-05-12 02:33:13,82,l:X._X_inst,38.2046,0.0,ndarray,"ndarray shape=(100151, 100) dtype=float32",0.716,3.367,46.8
2026-05-12 02:33:13,82,l:histories,31.947,0.6214,dict,dict len=37,0.716,3.367,46.8
2026-05-12 02:33:13,82,l:histories['g_mcts_children'],29.4157,0.5626,list,list len=83,0.716,3.367,46.8
2026-05-12 02:33:13,82,l:G,17.6177,0.2063,Grammar,Grammar,0.716,3.367,46.8
2026-05-12 02:33:13,82,l:G._MCTS_CHILDREN,7.9358,0.109,dict,dict len=14208,0.716,3.367,46.8
2026-05-12 02:33:13,82,l:initialization_kwargs,4.4176,0.0,dict,dict len=15,0.716,3.367,46.8
2026-05-12 02:33:13,82,l:initialization_kwargs['grmr_prior'],4.4159,0.0,Grammar,Grammar,0.716,3.367,46.8
2026-05-12 02:33:13,82,l:G._MCTS_EDGE_EXPLORE_COUNT,3.8417,0.0232,dict,dict len=39776,0.716,3.367,46.8
2026-05-12 02:33:13,82,l:G._MCTS_ALPHA_EDGE_EXPLORE_COUNT,3.3163,0.0337,dict,dict len=37201,0.716,3.367,46.8
2026-05-12 02:33:13,82,l:alpha_sensor_by_ctx,1.9753,0.0296,dict,dict len=10426,0.716,3.367,46.8
2026-05-12 02:33:13,82,l:G._MCTS_NODE_EXPLORE_COUNT,1.8411,0.0189,dict,dict len=14208,0.716,3.367,46.8
2026-05-12 02:33:13,82,l:G._MCTS_ALPHA_DECISION_EXPLORE_COUNT,1.4559,0.0151,dict,dict len=14419,0.716,3.367,46.8
2026-05-12 02:33:34,83,l:last_X,38.9954,0.0,Population,Population,0.6983,3.3493,46.7
2026-05-12 02:33:34,83,l:X,38.9954,0.0,Population,Population,0.6983,3.3493,46.7
2026-05-12 02:33:34,83,l:last_X._X_inst,38.2046,0.0,ndarray,"ndarray shape=(100151, 100) dtype=float32",0.6983,3.3493,46.7
2026-05-12 02:33:34,83,l:X._X_inst,38.2046,0.0,ndarray,"ndarray shape=(100151, 100) dtype=float32",0.6983,3.3493,46.7
2026-05-12 02:33:34,83,l:histories,32.5683,0.6213,dict,dict len=37,0.6983,3.3493,46.7
2026-05-12 02:33:34,83,l:histories['g_mcts_children'],29.9782,0.5626,list,list len=84,0.6983,3.3493,46.7
2026-05-12 02:33:34,83,l:G,17.6424,0.0247,Grammar,Grammar,0.6983,3.3493,46.7
2026-05-12 02:33:34,83,l:G._MCTS_CHILDREN,7.9483,0.0125,dict,dict len=14232,0.6983,3.3493,46.7
2026-05-12 02:33:34,83,l:initialization_kwargs,4.4176,0.0,dict,dict len=15,0.6983,3.3493,46.7
2026-05-12 02:33:34,83,l:initialization_kwargs['grmr_prior'],4.4159,0.0,Grammar,Grammar,0.6983,3.3493,46.7
2026-05-12 02:33:34,83,l:G._MCTS_EDGE_EXPLORE_COUNT,3.8474,0.0057,dict,dict len=39864,0.6983,3.3493,46.7
2026-05-12 02:33:34,83,l:G._MCTS_ALPHA_EDGE_EXPLORE_COUNT,3.3238,0.0076,dict,dict len=37337,0.6983,3.3493,46.7
2026-05-12 02:33:34,83,l:alpha_sensor_by_ctx,1.9781,0.0028,dict,dict len=10443,0.6983,3.3493,46.7
2026-05-12 02:33:34,83,l:G._MCTS_NODE_EXPLORE_COUNT,1.8433,0.0022,dict,dict len=14232,0.6983,3.3493,46.7
2026-05-12 02:33:34,83,l:G._MCTS_ALPHA_DECISION_EXPLORE_COUNT,1.4575,0.0016,dict,dict len=14445,0.6983,3.3493,46.7
2026-05-12 02:34:06,84,l:last_X,38.9953,-0.0001,Population,Population,0.7092,3.3603,46.8
2026-05-12 02:34:06,84,l:X,38.9953,-0.0001,Population,Population,0.7092,3.3603,46.8
2026-05-12 02:34:06,84,l:last_X._X_inst,38.2046,0.0,ndarray,"ndarray shape=(100151, 100) dtype=float32",0.7092,3.3603,46.8
2026-05-12 02:34:06,84,l:X._X_inst,38.2046,0.0,ndarray,"ndarray shape=(100151, 100) dtype=float32",0.7092,3.3603,46.8
2026-05-12 02:34:06,84,l:histories,33.1896,0.6213,dict,dict len=37,0.7092,3.3603,46.8
2026-05-12 02:34:06,84,l:histories['g_mcts_children'],30.5408,0.5626,list,list len=85,0.7092,3.3603,46.8
2026-05-12 02:34:06,84,l:G,17.7191,0.0767,Grammar,Grammar,0.7092,3.3603,46.8
2026-05-12 02:34:06,84,l:G._MCTS_CHILDREN,7.9815,0.0332,dict,dict len=14296,0.7092,3.3603,46.8
2026-05-12 02:34:06,84,l:initialization_kwargs,4.4176,0.0,dict,dict len=15,0.7092,3.3603,46.8
2026-05-12 02:34:06,84,l:initialization_kwargs['grmr_prior'],4.4159,0.0,Grammar,Grammar,0.7092,3.3603,46.8
2026-05-12 02:34:06,84,l:G._MCTS_EDGE_EXPLORE_COUNT,3.8645,0.0171,dict,dict len=40126,0.7092,3.3603,46.8
2026-05-12 02:34:06,84,l:G._MCTS_ALPHA_EDGE_EXPLORE_COUNT,3.3443,0.0204,dict,dict len=37705,0.7092,3.3603,46.8
2026-05-12 02:34:06,84,l:alpha_sensor_by_ctx,1.9882,0.0101,dict,dict len=10505,0.7092,3.3603,46.8
2026-05-12 02:34:06,84,l:G._MCTS_NODE_EXPLORE_COUNT,1.8491,0.0058,dict,dict len=14296,0.7092,3.3603,46.8
2026-05-12 02:34:06,84,l:G._MCTS_ALPHA_DECISION_EXPLORE_COUNT,1.4634,0.0059,dict,dict len=14541,0.7092,3.3603,46.8
2026-05-12 02:34:37,85,l:last_X,38.9955,0.0002,Population,Population,0.7069,3.3581,46.6
2026-05-12 02:34:37,85,l:X,38.9955,0.0002,Population,Population,0.7069,3.3581,46.6
2026-05-12 02:34:37,85,l:last_X._X_inst,38.2046,0.0,ndarray,"ndarray shape=(100151, 100) dtype=float32",0.7069,3.3581,46.6
2026-05-12 02:34:37,85,l:X._X_inst,38.2046,0.0,ndarray,"ndarray shape=(100151, 100) dtype=float32",0.7069,3.3581,46.6
2026-05-12 02:34:37,85,l:histories,33.811,0.6214,dict,dict len=37,0.7069,3.3581,46.6
2026-05-12 02:34:37,85,l:histories['g_mcts_children'],31.1034,0.5626,list,list len=86,0.7069,3.3581,46.6
2026-05-12 02:34:37,85,l:G,17.767,0.048,Grammar,Grammar,0.7069,3.3581,46.6
2026-05-12 02:34:37,85,l:G._MCTS_CHILDREN,8.0033,0.0218,dict,dict len=14338,0.7069,3.3581,46.6
2026-05-12 02:34:37,85,l:initialization_kwargs,4.4176,0.0,dict,dict len=15,0.7069,3.3581,46.6
2026-05-12 02:34:37,85,l:initialization_kwargs['grmr_prior'],4.4159,0.0,Grammar,Grammar,0.7069,3.3581,46.6
2026-05-12 02:34:37,85,l:G._MCTS_EDGE_EXPLORE_COUNT,3.8846,0.0201,dict,dict len=40270,0.7069,3.3581,46.6
2026-05-12 02:34:37,85,l:G._MCTS_ALPHA_EDGE_EXPLORE_COUNT,3.3628,0.0185,dict,dict len=38038,0.7069,3.3581,46.6
2026-05-12 02:34:37,85,l:alpha_sensor_by_ctx,1.9945,0.0063,dict,dict len=10544,0.7069,3.3581,46.6
2026-05-12 02:34:37,85,l:G._MCTS_NODE_EXPLORE_COUNT,1.8528,0.0038,dict,dict len=14338,0.7069,3.3581,46.6
2026-05-12 02:34:37,85,l:G._MCTS_ALPHA_DECISION_EXPLORE_COUNT,1.4594,-0.004,dict,dict len=14602,0.7069,3.3581,46.6
2026-05-12 02:35:06,86,l:last_X,38.9955,-0.0,Population,Population,0.7108,3.362,46.8
2026-05-12 02:35:06,86,l:X,38.9955,-0.0,Population,Population,0.7108,3.362,46.8
2026-05-12 02:35:06,86,l:last_X._X_inst,38.2046,0.0,ndarray,"ndarray shape=(100151, 100) dtype=float32",0.7108,3.362,46.8
2026-05-12 02:35:06,86,l:X._X_inst,38.2046,0.0,ndarray,"ndarray shape=(100151, 100) dtype=float32",0.7108,3.362,46.8
2026-05-12 02:35:06,86,l:histories,34.4324,0.6214,dict,dict len=37,0.7108,3.362,46.8
2026-05-12 02:35:06,86,l:histories['g_mcts_children'],31.666,0.5626,list,list len=87,0.7108,3.362,46.8
2026-05-12 02:35:06,86,l:G,17.8059,0.0389,Grammar,Grammar,0.7108,3.362,46.8
2026-05-12 02:35:06,86,l:G._MCTS_CHILDREN,8.0194,0.0161,dict,dict len=14369,0.7108,3.362,46.8
2026-05-12 02:35:06,86,l:initialization_kwargs,4.4176,0.0,dict,dict len=15,0.7108,3.362,46.8
2026-05-12 02:35:06,86,l:initialization_kwargs['grmr_prior'],4.4159,0.0,Grammar,Grammar,0.7108,3.362,46.8
2026-05-12 02:35:06,86,l:G._MCTS_EDGE_EXPLORE_COUNT,3.8925,0.0079,dict,dict len=40391,0.7108,3.362,46.8
2026-05-12 02:35:06,86,l:G._MCTS_ALPHA_EDGE_EXPLORE_COUNT,3.3728,0.0101,dict,dict len=38219,0.7108,3.362,46.8
2026-05-12 02:35:06,86,l:alpha_sensor_by_ctx,1.9999,0.0054,dict,dict len=10577,0.7108,3.362,46.8
2026-05-12 02:35:06,86,l:G._MCTS_NODE_EXPLORE_COUNT,1.8556,0.0028,dict,dict len=14369,0.7108,3.362,46.8
2026-05-12 02:35:06,86,l:G._MCTS_ALPHA_DECISION_EXPLORE_COUNT,1.4622,0.0028,dict,dict len=14647,0.7108,3.362,46.8
2026-05-12 02:35:23,87,l:last_X,38.9955,-0.0,Population,Population,0.7157,3.3669,46.7
2026-05-12 02:35:23,87,l:X,38.9955,-0.0,Population,Population,0.7157,3.3669,46.7
2026-05-12 02:35:23,87,l:last_X._X_inst,38.2046,0.0,ndarray,"ndarray shape=(100151, 100) dtype=float32",0.7157,3.3669,46.7
2026-05-12 02:35:23,87,l:X._X_inst,38.2046,0.0,ndarray,"ndarray shape=(100151, 100) dtype=float32",0.7157,3.3669,46.7
2026-05-12 02:35:23,87,l:histories,35.0537,0.6213,dict,dict len=37,0.7157,3.3669,46.7
2026-05-12 02:35:23,87,l:histories['g_mcts_children'],32.2286,0.5626,list,list len=88,0.7157,3.3669,46.7
2026-05-12 02:35:23,87,l:G,17.8164,0.0105,Grammar,Grammar,0.7157,3.3669,46.7
2026-05-12 02:35:23,87,l:G._MCTS_CHILDREN,8.0308,0.0114,dict,dict len=14391,0.7157,3.3669,46.7
2026-05-12 02:35:23,87,l:initialization_kwargs,4.4176,0.0,dict,dict len=15,0.7157,3.3669,46.7
2026-05-12 02:35:23,87,l:initialization_kwargs['grmr_prior'],4.4159,0.0,Grammar,Grammar,0.7157,3.3669,46.7
2026-05-12 02:35:23,87,l:G._MCTS_EDGE_EXPLORE_COUNT,3.8868,-0.0058,dict,dict len=40468,0.7157,3.3669,46.7
2026-05-12 02:35:23,87,l:G._MCTS_ALPHA_EDGE_EXPLORE_COUNT,3.3769,0.0041,dict,dict len=38293,0.7157,3.3669,46.7
2026-05-12 02:35:23,87,l:alpha_sensor_by_ctx,2.0034,0.0036,dict,dict len=10599,0.7157,3.3669,46.7
2026-05-12 02:35:23,87,l:G._MCTS_NODE_EXPLORE_COUNT,1.8576,0.002,dict,dict len=14391,0.7157,3.3669,46.7
2026-05-12 02:35:23,87,l:G._MCTS_ALPHA_DECISION_EXPLORE_COUNT,1.468,0.0059,dict,dict len=14679,0.7157,3.3669,46.7
2026-05-12 02:35:55,88,l:last_X,38.9954,-0.0001,Population,Population,0.7245,3.3757,46.9
2026-05-12 02:35:55,88,l:X,38.9954,-0.0001,Population,Population,0.7245,3.3757,46.9
2026-05-12 02:35:55,88,l:last_X._X_inst,38.2046,0.0,ndarray,"ndarray shape=(100151, 100) dtype=float32",0.7245,3.3757,46.9
2026-05-12 02:35:55,88,l:X._X_inst,38.2046,0.0,ndarray,"ndarray shape=(100151, 100) dtype=float32",0.7245,3.3757,46.9
2026-05-12 02:35:55,88,l:histories,35.675,0.6213,dict,dict len=37,0.7245,3.3757,46.9
2026-05-12 02:35:55,88,l:histories['g_mcts_children'],32.7912,0.5626,list,list len=89,0.7245,3.3757,46.9
2026-05-12 02:35:55,88,l:G,18.0263,0.2099,Grammar,Grammar,0.7245,3.3757,46.9
2026-05-12 02:35:55,88,l:G._MCTS_CHILDREN,8.1528,0.122,dict,dict len=14626,0.7245,3.3757,46.9
2026-05-12 02:35:55,88,l:initialization_kwargs,4.4176,0.0,dict,dict len=15,0.7245,3.3757,46.9
2026-05-12 02:35:55,88,l:initialization_kwargs['grmr_prior'],4.4159,0.0,Grammar,Grammar,0.7245,3.3757,46.9
2026-05-12 02:35:55,88,l:G._MCTS_EDGE_EXPLORE_COUNT,3.9207,0.0339,dict,dict len=41157,0.7245,3.3757,46.9
2026-05-12 02:35:55,88,l:G._MCTS_ALPHA_EDGE_EXPLORE_COUNT,3.4085,0.0316,dict,dict len=38862,0.7245,3.3757,46.9
2026-05-12 02:35:55,88,l:alpha_sensor_by_ctx,2.0332,0.0297,dict,dict len=10782,0.7245,3.3757,46.9
2026-05-12 02:35:55,88,l:G._MCTS_NODE_EXPLORE_COUNT,1.8827,0.0251,dict,dict len=14626,0.7245,3.3757,46.9
2026-05-12 02:35:55,88,l:G._MCTS_ALPHA_DECISION_EXPLORE_COUNT,1.4788,0.0108,dict,dict len=14918,0.7245,3.3757,46.9
2026-05-12 02:36:15,89,l:last_X,38.9953,-0.0,Population,Population,0.7513,3.4026,47.2
2026-05-12 02:36:15,89,l:X,38.9953,-0.0,Population,Population,0.7513,3.4026,47.2
2026-05-12 02:36:15,89,l:last_X._X_inst,38.2046,0.0,ndarray,"ndarray shape=(100151, 100) dtype=float32",0.7513,3.4026,47.2
2026-05-12 02:36:15,89,l:X._X_inst,38.2046,0.0,ndarray,"ndarray shape=(100151, 100) dtype=float32",0.7513,3.4026,47.2
2026-05-12 02:36:15,89,l:histories,36.3009,0.6259,dict,dict len=37,0.7513,3.4026,47.2
2026-05-12 02:36:15,89,l:histories['g_mcts_children'],33.3537,0.5626,list,list len=90,0.7513,3.4026,47.2
2026-05-12 02:36:15,89,l:G,18.213,0.1867,Grammar,Grammar,0.7513,3.4026,47.2
2026-05-12 02:36:15,89,l:G._MCTS_CHILDREN,8.1772,0.0244,dict,dict len=14673,0.7513,3.4026,47.2
2026-05-12 02:36:15,89,l:initialization_kwargs,4.5582,0.1406,dict,dict len=15,0.7513,3.4026,47.2
2026-05-12 02:36:15,89,l:initialization_kwargs['grmr_prior'],4.5565,0.1406,Grammar,Grammar,0.7513,3.4026,47.2
2026-05-12 02:36:15,89,l:G._MCTS_EDGE_EXPLORE_COUNT,3.9415,0.0208,dict,dict len=41308,0.7513,3.4026,47.2
2026-05-12 02:36:15,89,l:G._MCTS_ALPHA_EDGE_EXPLORE_COUNT,3.4169,0.0084,dict,dict len=39013,0.7513,3.4026,47.2
2026-05-12 02:36:15,89,l:alpha_sensor_by_ctx,2.0384,0.0052,dict,dict len=10814,0.7513,3.4026,47.2
2026-05-12 02:36:15,89,l:G._MCTS_NODE_EXPLORE_COUNT,1.8869,0.0042,dict,dict len=14673,0.7513,3.4026,47.2
2026-05-12 02:36:15,89,l:G._MCTS_ALPHA_DECISION_EXPLORE_COUNT,1.4817,0.0029,dict,dict len=14965,0.7513,3.4026,47.2
2026-05-12 02:36:48,90,l:last_X,38.9955,0.0002,Population,Population,0.7343,3.3854,47.1
2026-05-12 02:36:48,90,l:X,38.9955,0.0002,Population,Population,0.7343,3.3854,47.1
2026-05-12 02:36:48,90,l:last_X._X_inst,38.2046,0.0,ndarray,"ndarray shape=(100151, 100) dtype=float32",0.7343,3.3854,47.1
2026-05-12 02:36:48,90,l:X._X_inst,38.2046,0.0,ndarray,"ndarray shape=(100151, 100) dtype=float32",0.7343,3.3854,47.1
2026-05-12 02:36:48,90,l:histories,36.9269,0.626,dict,dict len=37,0.7343,3.3854,47.1
2026-05-12 02:36:48,90,l:histories['g_mcts_children'],33.9163,0.5626,list,list len=91,0.7343,3.3854,47.1
2026-05-12 02:36:48,90,l:G,18.3277,0.1147,Grammar,Grammar,0.7343,3.3854,47.1
2026-05-12 02:36:48,90,l:G._MCTS_CHILDREN,8.242,0.0649,dict,dict len=14798,0.7343,3.3854,47.1
2026-05-12 02:36:48,90,l:initialization_kwargs,4.5651,0.0069,dict,dict len=15,0.7343,3.3854,47.1
2026-05-12 02:36:48,90,l:initialization_kwargs['grmr_prior'],4.5635,0.0069,Grammar,Grammar,0.7343,3.3854,47.1
2026-05-12 02:36:48,90,l:G._MCTS_EDGE_EXPLORE_COUNT,3.9786,0.0371,dict,dict len=41707,0.7343,3.3854,47.1
2026-05-12 02:36:48,90,l:G._MCTS_ALPHA_EDGE_EXPLORE_COUNT,3.4413,0.0244,dict,dict len=39452,0.7343,3.3854,47.1
2026-05-12 02:36:48,90,l:alpha_sensor_by_ctx,2.339,0.3006,dict,dict len=10933,0.7343,3.3854,47.1
2026-05-12 02:36:48,90,l:G._MCTS_NODE_EXPLORE_COUNT,1.8903,0.0034,dict,dict len=14798,0.7343,3.3854,47.1
2026-05-12 02:36:48,90,l:G._MCTS_ALPHA_DECISION_EXPLORE_COUNT,1.4914,0.0097,dict,dict len=15123,0.7343,3.3854,47.1
2026-05-12 02:37:27,91,l:last_X,38.9953,-0.0002,Population,Population,0.7401,3.3913,47.1
2026-05-12 02:37:27,91,l:X,38.9953,-0.0002,Population,Population,0.7401,3.3913,47.1
2026-05-12 02:37:27,91,l:last_X._X_inst,38.2046,0.0,ndarray,"ndarray shape=(100151, 100) dtype=float32",0.7401,3.3913,47.1
2026-05-12 02:37:27,91,l:X._X_inst,38.2046,0.0,ndarray,"ndarray shape=(100151, 100) dtype=float32",0.7401,3.3913,47.1
2026-05-12 02:37:27,91,l:histories,37.5529,0.626,dict,dict len=37,0.7401,3.3913,47.1
2026-05-12 02:37:27,91,l:histories['g_mcts_children'],34.4789,0.5626,list,list len=92,0.7401,3.3913,47.1
2026-05-12 02:37:27,91,l:G,18.5474,0.2197,Grammar,Grammar,0.7401,3.3913,47.1
2026-05-12 02:37:27,91,l:G._MCTS_CHILDREN,8.3427,0.1007,dict,dict len=14992,0.7401,3.3913,47.1
2026-05-12 02:37:27,91,l:initialization_kwargs,4.5651,0.0,dict,dict len=15,0.7401,3.3913,47.1
2026-05-12 02:37:27,91,l:initialization_kwargs['grmr_prior'],4.5635,0.0,Grammar,Grammar,0.7401,3.3913,47.1
2026-05-12 02:37:27,91,l:G._MCTS_EDGE_EXPLORE_COUNT,4.0165,0.0379,dict,dict len=42286,0.7401,3.3913,47.1
2026-05-12 02:37:27,91,l:G._MCTS_ALPHA_EDGE_EXPLORE_COUNT,3.4773,0.0359,dict,dict len=40099,0.7401,3.3913,47.1
2026-05-12 02:37:27,91,l:alpha_sensor_by_ctx,2.3649,0.026,dict,dict len=11093,0.7401,3.3913,47.1
2026-05-12 02:37:27,91,l:G._MCTS_NODE_EXPLORE_COUNT,1.9117,0.0214,dict,dict len=14992,0.7401,3.3913,47.1
2026-05-12 02:37:27,91,l:G._MCTS_ALPHA_DECISION_EXPLORE_COUNT,1.5006,0.0092,dict,dict len=15340,0.7401,3.3913,47.1
2026-05-12 02:38:14,92,l:last_X,38.9955,0.0001,Population,Population,0.745,3.3962,47.2
2026-05-12 02:38:14,92,l:X,38.9955,0.0001,Population,Population,0.745,3.3962,47.2
2026-05-12 02:38:14,92,l:last_X._X_inst,38.2046,0.0,ndarray,"ndarray shape=(100151, 100) dtype=float32",0.745,3.3962,47.2
2026-05-12 02:38:14,92,l:X._X_inst,38.2046,0.0,ndarray,"ndarray shape=(100151, 100) dtype=float32",0.745,3.3962,47.2
2026-05-12 02:38:14,92,l:histories,38.183,0.6301,dict,dict len=37,0.745,3.3962,47.2
2026-05-12 02:38:14,92,l:histories['g_mcts_children'],35.0416,0.5627,list,list len=93,0.745,3.3962,47.2
2026-05-12 02:38:14,92,l:G,18.6909,0.1435,Grammar,Grammar,0.745,3.3962,47.2
2026-05-12 02:38:14,92,l:G._MCTS_CHILDREN,8.4091,0.0664,dict,dict len=15120,0.745,3.3962,47.2
2026-05-12 02:38:14,92,l:initialization_kwargs,4.5651,0.0,dict,dict len=15,0.745,3.3962,47.2
2026-05-12 02:38:14,92,l:initialization_kwargs['grmr_prior'],4.5635,0.0,Grammar,Grammar,0.745,3.3962,47.2
2026-05-12 02:38:14,92,l:G._MCTS_EDGE_EXPLORE_COUNT,4.0448,0.0283,dict,dict len=42718,0.745,3.3962,47.2
2026-05-12 02:38:14,92,l:G._MCTS_ALPHA_EDGE_EXPLORE_COUNT,3.5143,0.037,dict,dict len=40766,0.745,3.3962,47.2
2026-05-12 02:38:14,92,l:alpha_sensor_by_ctx,2.3811,0.0161,dict,dict len=11208,0.745,3.3962,47.2
2026-05-12 02:38:14,92,l:G._MCTS_NODE_EXPLORE_COUNT,1.9272,0.0156,dict,dict len=15120,0.745,3.3962,47.2
2026-05-12 02:38:14,92,l:G._MCTS_ALPHA_DECISION_EXPLORE_COUNT,1.5191,0.0184,dict,dict len=15506,0.745,3.3962,47.2
2026-05-12 02:38:33,93,l:last_X,38.9955,0.0001,Population,Population,0.747,3.3981,47.3
2026-05-12 02:38:33,93,l:X,38.9955,0.0001,Population,Population,0.747,3.3981,47.3
2026-05-12 02:38:33,93,l:histories,38.8091,0.6261,dict,dict len=37,0.747,3.3981,47.3
2026-05-12 02:38:33,93,l:last_X._X_inst,38.2046,0.0,ndarray,"ndarray shape=(100151, 100) dtype=float32",0.747,3.3981,47.3
2026-05-12 02:38:33,93,l:X._X_inst,38.2046,0.0,ndarray,"ndarray shape=(100151, 100) dtype=float32",0.747,3.3981,47.3
2026-05-12 02:38:33,93,l:histories['g_mcts_children'],35.6042,0.5626,list,list len=94,0.747,3.3981,47.3
2026-05-12 02:38:33,93,l:G,18.693,0.0021,Grammar,Grammar,0.747,3.3981,47.3
2026-05-12 02:38:33,93,l:G._MCTS_CHILDREN,8.4159,0.0067,dict,dict len=15133,0.747,3.3981,47.3
2026-05-12 02:38:33,93,l:initialization_kwargs,4.5651,0.0,dict,dict len=15,0.747,3.3981,47.3
2026-05-12 02:38:33,93,l:initialization_kwargs['grmr_prior'],4.5635,0.0,Grammar,Grammar,0.747,3.3981,47.3
2026-05-12 02:38:33,93,l:G._MCTS_EDGE_EXPLORE_COUNT,4.0369,-0.0079,dict,dict len=42772,0.747,3.3981,47.3
2026-05-12 02:38:33,93,l:G._MCTS_ALPHA_EDGE_EXPLORE_COUNT,3.519,0.0047,dict,dict len=40851,0.747,3.3981,47.3
2026-05-12 02:38:33,93,l:alpha_sensor_by_ctx,2.384,0.0029,dict,dict len=11226,0.747,3.3981,47.3
2026-05-12 02:38:33,93,l:G._MCTS_NODE_EXPLORE_COUNT,1.9284,0.0012,dict,dict len=15133,0.747,3.3981,47.3
2026-05-12 02:38:33,93,l:G._MCTS_ALPHA_DECISION_EXPLORE_COUNT,1.5165,-0.0025,dict,dict len=15532,0.747,3.3981,47.3
2026-05-12 02:39:04,94,l:histories,39.4351,0.626,dict,dict len=37,0.7528,3.404,47.4
2026-05-12 02:39:04,94,l:last_X,38.9954,-0.0001,Population,Population,0.7528,3.404,47.4
2026-05-12 02:39:04,94,l:X,38.9954,-0.0001,Population,Population,0.7528,3.404,47.4
2026-05-12 02:39:04,94,l:last_X._X_inst,38.2046,0.0,ndarray,"ndarray shape=(100151, 100) dtype=float32",0.7528,3.404,47.4
2026-05-12 02:39:04,94,l:X._X_inst,38.2046,0.0,ndarray,"ndarray shape=(100151, 100) dtype=float32",0.7528,3.404,47.4
2026-05-12 02:39:04,94,l:histories['g_mcts_children'],36.1668,0.5626,list,list len=95,0.7528,3.404,47.4
2026-05-12 02:39:04,94,l:G,18.7476,0.0546,Grammar,Grammar,0.7528,3.404,47.4
2026-05-12 02:39:04,94,l:G._MCTS_CHILDREN,8.4387,0.0228,dict,dict len=15177,0.7528,3.404,47.4
2026-05-12 02:39:04,94,l:initialization_kwargs,4.5651,0.0,dict,dict len=15,0.7528,3.404,47.4
2026-05-12 02:39:04,94,l:initialization_kwargs['grmr_prior'],4.5635,0.0,Grammar,Grammar,0.7528,3.404,47.4
2026-05-12 02:39:04,94,l:G._MCTS_EDGE_EXPLORE_COUNT,4.0476,0.0107,dict,dict len=42937,0.7528,3.404,47.4
2026-05-12 02:39:04,94,l:G._MCTS_ALPHA_EDGE_EXPLORE_COUNT,3.5335,0.0144,dict,dict len=41111,0.7528,3.404,47.4
2026-05-12 02:39:04,94,l:alpha_sensor_by_ctx,2.3898,0.0058,dict,dict len=11262,0.7528,3.404,47.4
2026-05-12 02:39:04,94,l:G._MCTS_NODE_EXPLORE_COUNT,1.9324,0.004,dict,dict len=15177,0.7528,3.404,47.4
2026-05-12 02:39:04,94,l:G._MCTS_ALPHA_DECISION_EXPLORE_COUNT,1.5199,0.0034,dict,dict len=15587,0.7528,3.404,47.4
2026-05-12 02:39:44,95,l:histories,40.0611,0.626,dict,dict len=37,0.7698,3.421,47.6
2026-05-12 02:39:44,95,l:last_X,38.9953,-0.0001,Population,Population,0.7698,3.421,47.6
2026-05-12 02:39:44,95,l:X,38.9953,-0.0001,Population,Population,0.7698,3.421,47.6
2026-05-12 02:39:44,95,l:last_X._X_inst,38.2046,0.0,ndarray,"ndarray shape=(100151, 100) dtype=float32",0.7698,3.421,47.6
2026-05-12 02:39:44,95,l:X._X_inst,38.2046,0.0,ndarray,"ndarray shape=(100151, 100) dtype=float32",0.7698,3.421,47.6
2026-05-12 02:39:44,95,l:histories['g_mcts_children'],36.7294,0.5626,list,list len=96,0.7698,3.421,47.6
2026-05-12 02:39:44,95,l:G,18.9246,0.177,Grammar,Grammar,0.7698,3.421,47.6
2026-05-12 02:39:44,95,l:G._MCTS_CHILDREN,8.5217,0.083,dict,dict len=15337,0.7698,3.421,47.6
2026-05-12 02:39:44,95,l:initialization_kwargs,4.5651,0.0,dict,dict len=15,0.7698,3.421,47.6
2026-05-12 02:39:44,95,l:initialization_kwargs['grmr_prior'],4.5635,0.0,Grammar,Grammar,0.7698,3.421,47.6
2026-05-12 02:39:44,95,l:G._MCTS_EDGE_EXPLORE_COUNT,4.0925,0.0449,dict,dict len=43448,0.7698,3.421,47.6
2026-05-12 02:39:44,95,l:G._MCTS_ALPHA_EDGE_EXPLORE_COUNT,3.5636,0.0301,dict,dict len=41653,0.7698,3.421,47.6
2026-05-12 02:39:44,95,l:alpha_sensor_by_ctx,2.4074,0.0175,dict,dict len=11370,0.7698,3.421,47.6
2026-05-12 02:39:44,95,l:G._MCTS_NODE_EXPLORE_COUNT,1.9468,0.0144,dict,dict len=15337,0.7698,3.421,47.6
2026-05-12 02:39:44,95,l:G._MCTS_ALPHA_DECISION_EXPLORE_COUNT,1.5334,0.0135,dict,dict len=15738,0.7698,3.421,47.6
2026-05-12 02:40:13,96,l:histories,40.6871,0.6261,dict,dict len=37,0.7735,3.4248,47.5
2026-05-12 02:40:13,96,l:last_X,38.9955,0.0002,Population,Population,0.7735,3.4248,47.5
2026-05-12 02:40:13,96,l:X,38.9955,0.0002,Population,Population,0.7735,3.4248,47.5
2026-05-12 02:40:13,96,l:last_X._X_inst,38.2046,0.0,ndarray,"ndarray shape=(100151, 100) dtype=float32",0.7735,3.4248,47.5
2026-05-12 02:40:13,96,l:X._X_inst,38.2046,0.0,ndarray,"ndarray shape=(100151, 100) dtype=float32",0.7735,3.4248,47.5
2026-05-12 02:40:13,96,l:histories['g_mcts_children'],37.292,0.5626,list,list len=97,0.7735,3.4248,47.5
2026-05-12 02:40:13,96,l:G,18.9695,0.045,Grammar,Grammar,0.7735,3.4248,47.5
2026-05-12 02:40:13,96,l:G._MCTS_CHILDREN,8.5321,0.0104,dict,dict len=15357,0.7735,3.4248,47.5
2026-05-12 02:40:13,96,l:initialization_kwargs,4.5651,0.0,dict,dict len=15,0.7735,3.4248,47.5
2026-05-12 02:40:13,96,l:initialization_kwargs['grmr_prior'],4.5635,0.0,Grammar,Grammar,0.7735,3.4248,47.5
2026-05-12 02:40:13,96,l:G._MCTS_EDGE_EXPLORE_COUNT,4.0974,0.0048,dict,dict len=43522,0.7735,3.4248,47.5
2026-05-12 02:40:13,96,l:G._MCTS_ALPHA_EDGE_EXPLORE_COUNT,3.5738,0.0103,dict,dict len=41838,0.7735,3.4248,47.5
2026-05-12 02:40:13,96,l:alpha_sensor_by_ctx,2.4101,0.0028,dict,dict len=11387,0.7735,3.4248,47.5
2026-05-12 02:40:13,96,l:G._MCTS_NODE_EXPLORE_COUNT,1.9486,0.0018,dict,dict len=15357,0.7735,3.4248,47.5
2026-05-12 02:40:13,96,l:G._MCTS_ALPHA_DECISION_EXPLORE_COUNT,1.5353,0.0019,dict,dict len=15769,0.7735,3.4248,47.5
2026-05-12 02:40:30,97,l:histories,41.313,0.6259,dict,dict len=37,0.7793,3.4316,47.6
2026-05-12 02:40:30,97,l:last_X,38.9954,-0.0002,Population,Population,0.7793,3.4316,47.6
2026-05-12 02:40:30,97,l:X,38.9954,-0.0002,Population,Population,0.7793,3.4316,47.6
2026-05-12 02:40:30,97,l:last_X._X_inst,38.2046,0.0,ndarray,"ndarray shape=(100151, 100) dtype=float32",0.7793,3.4316,47.6
2026-05-12 02:40:30,97,l:X._X_inst,38.2046,0.0,ndarray,"ndarray shape=(100151, 100) dtype=float32",0.7793,3.4316,47.6
2026-05-12 02:40:30,97,l:histories['g_mcts_children'],37.8545,0.5626,list,list len=98,0.7793,3.4316,47.6
2026-05-12 02:40:30,97,l:G,18.9837,0.0141,Grammar,Grammar,0.7793,3.4316,47.6
2026-05-12 02:40:30,97,l:G._MCTS_CHILDREN,8.5404,0.0083,dict,dict len=15373,0.7793,3.4316,47.6
2026-05-12 02:40:30,97,l:initialization_kwargs,4.5651,0.0,dict,dict len=15,0.7793,3.4316,47.6
2026-05-12 02:40:30,97,l:initialization_kwargs['grmr_prior'],4.5635,0.0,Grammar,Grammar,0.7793,3.4316,47.6
2026-05-12 02:40:30,97,l:G._MCTS_EDGE_EXPLORE_COUNT,4.1006,0.0033,dict,dict len=43572,0.7793,3.4316,47.6
2026-05-12 02:40:30,97,l:G._MCTS_ALPHA_EDGE_EXPLORE_COUNT,3.5765,0.0027,dict,dict len=41886,0.7793,3.4316,47.6
2026-05-12 02:40:30,97,l:alpha_sensor_by_ctx,2.4125,0.0024,dict,dict len=11402,0.7793,3.4316,47.6
2026-05-12 02:40:30,97,l:G._MCTS_NODE_EXPLORE_COUNT,1.9501,0.0014,dict,dict len=15373,0.7793,3.4316,47.6
2026-05-12 02:40:30,97,l:G._MCTS_ALPHA_DECISION_EXPLORE_COUNT,1.5366,0.0013,dict,dict len=15790,0.7793,3.4316,47.6
2026-05-12 02:40:55,98,l:histories,41.939,0.6259,dict,dict len=37,0.7841,3.4356,47.7
2026-05-12 02:40:55,98,l:last_X,38.9954,0.0,Population,Population,0.7841,3.4356,47.7
2026-05-12 02:40:55,98,l:X,38.9954,0.0,Population,Population,0.7841,3.4356,47.7
2026-05-12 02:40:55,98,l:histories['g_mcts_children'],38.4171,0.5626,list,list len=99,0.7841,3.4356,47.7
2026-05-12 02:40:55,98,l:last_X._X_inst,38.2046,0.0,ndarray,"ndarray shape=(100151, 100) dtype=float32",0.7841,3.4356,47.7
2026-05-12 02:40:55,98,l:X._X_inst,38.2046,0.0,ndarray,"ndarray shape=(100151, 100) dtype=float32",0.7841,3.4356,47.7
2026-05-12 02:40:55,98,l:G,20.3152,1.3315,Grammar,Grammar,0.7841,3.4356,47.7
2026-05-12 02:40:55,98,l:G._MCTS_CHILDREN,8.5799,0.0394,dict,dict len=15449,0.7841,3.4356,47.7
2026-05-12 02:40:55,98,l:G._MCTS_EDGE_EXPLORE_COUNT,5.3769,1.2762,dict,dict len=43794,0.7841,3.4356,47.7
2026-05-12 02:40:55,98,l:initialization_kwargs,4.5651,0.0,dict,dict len=15,0.7841,3.4356,47.7
2026-05-12 02:40:55,98,l:initialization_kwargs['grmr_prior'],4.5635,0.0,Grammar,Grammar,0.7841,3.4356,47.7
2026-05-12 02:40:55,98,l:G._MCTS_ALPHA_EDGE_EXPLORE_COUNT,3.5892,0.0127,dict,dict len=42114,0.7841,3.4356,47.7
2026-05-12 02:40:55,98,l:alpha_sensor_by_ctx,2.4229,0.0104,dict,dict len=11466,0.7841,3.4356,47.7
2026-05-12 02:40:55,98,l:G._MCTS_NODE_EXPLORE_COUNT,1.9528,0.0027,dict,dict len=15449,0.7841,3.4356,47.7
2026-05-12 02:40:55,98,l:G._MCTS_ALPHA_DECISION_EXPLORE_COUNT,1.5416,0.005,dict,dict len=15871,0.7841,3.4356,47.7
2026-05-12 02:41:14,99,l:histories,42.5649,0.626,dict,dict len=37,0.7863,3.4385,47.9
2026-05-12 02:41:14,99,l:last_X,38.9955,0.0001,Population,Population,0.7863,3.4385,47.9
2026-05-12 02:41:14,99,l:X,38.9955,0.0001,Population,Population,0.7863,3.4385,47.9
2026-05-12 02:41:14,99,l:histories['g_mcts_children'],38.9797,0.5626,list,list len=100,0.7863,3.4385,47.9
2026-05-12 02:41:14,99,l:last_X._X_inst,38.2046,0.0,ndarray,"ndarray shape=(100151, 100) dtype=float32",0.7863,3.4385,47.9
2026-05-12 02:41:14,99,l:X._X_inst,38.2046,0.0,ndarray,"ndarray shape=(100151, 100) dtype=float32",0.7863,3.4385,47.9
2026-05-12 02:41:14,99,l:G,20.3648,0.0496,Grammar,Grammar,0.7863,3.4385,47.9
2026-05-12 02:41:14,99,l:G._MCTS_CHILDREN,8.6131,0.0332,dict,dict len=15513,0.7863,3.4385,47.9
2026-05-12 02:41:14,99,l:initialization_kwargs,5.8151,1.25,dict,dict len=15,0.7863,3.4385,47.9
2026-05-12 02:41:14,99,l:initialization_kwargs['grmr_prior'],5.8135,1.25,Grammar,Grammar,0.7863,3.4385,47.9
2026-05-12 02:41:14,99,l:G._MCTS_EDGE_EXPLORE_COUNT,5.3883,0.0114,dict,dict len=43968,0.7863,3.4385,47.9
2026-05-12 02:41:14,99,l:G._MCTS_ALPHA_EDGE_EXPLORE_COUNT,3.5966,0.0074,dict,dict len=42248,0.7863,3.4385,47.9
2026-05-12 02:41:14,99,l:alpha_sensor_by_ctx,2.431,0.0081,dict,dict len=11516,0.7863,3.4385,47.9
2026-05-12 02:41:14,99,l:G._MCTS_NODE_EXPLORE_COUNT,1.9586,0.0058,dict,dict len=15513,0.7863,3.4385,47.9
2026-05-12 02:41:14,99,l:G._MCTS_ALPHA_DECISION_EXPLORE_COUNT,1.5453,0.0037,dict,dict len=15931,0.7863,3.4385,47.9
2026-05-12 02:41:42,100,l:histories,42.9902,0.4253,dict,dict len=37,0.7918,3.4434,48.0
2026-05-12 02:41:42,100,l:histories['g_mcts_children'],39.3695,0.3898,list,list len=101,0.7918,3.4434,48.0
2026-05-12 02:41:42,100,l:last_X,38.9953,-0.0002,Population,Population,0.7918,3.4434,48.0
2026-05-12 02:41:42,100,l:X,38.9953,-0.0002,Population,Population,0.7918,3.4434,48.0
2026-05-12 02:41:42,100,l:last_X._X_inst,38.2046,0.0,ndarray,"ndarray shape=(100151, 100) dtype=float32",0.7918,3.4434,48.0
2026-05-12 02:41:42,100,l:X._X_inst,38.2046,0.0,ndarray,"ndarray shape=(100151, 100) dtype=float32",0.7918,3.4434,48.0
2026-05-12 02:41:42,100,l:G,20.4872,0.1224,Grammar,Grammar,0.7918,3.4434,48.0
2026-05-12 02:41:42,100,l:G._MCTS_CHILDREN,8.6837,0.0706,dict,dict len=15649,0.7918,3.4434,48.0
2026-05-12 02:41:42,100,l:initialization_kwargs,5.8151,0.0,dict,dict len=15,0.7918,3.4434,48.0
2026-05-12 02:41:42,100,l:initialization_kwargs['grmr_prior'],5.8135,0.0,Grammar,Grammar,0.7918,3.4434,48.0
2026-05-12 02:41:42,100,l:G._MCTS_EDGE_EXPLORE_COUNT,5.4168,0.0285,dict,dict len=44402,0.7918,3.4434,48.0
2026-05-12 02:41:42,100,l:G._MCTS_ALPHA_EDGE_EXPLORE_COUNT,3.6114,0.0148,dict,dict len=42514,0.7918,3.4434,48.0
2026-05-12 02:41:42,100,l:alpha_sensor_by_ctx,2.4492,0.0182,dict,dict len=11628,0.7918,3.4434,48.0
2026-05-12 02:41:42,100,l:G._MCTS_NODE_EXPLORE_COUNT,1.9708,0.0122,dict,dict len=15649,0.7918,3.4434,48.0
2026-05-12 02:41:42,100,l:G._MCTS_ALPHA_DECISION_EXPLORE_COUNT,1.5547,0.0094,dict,dict len=16084,0.7918,3.4434,48.0
2026-05-12 02:42:03,101,l:histories,43.4156,0.4253,dict,dict len=37,0.7948,3.4463,47.9
2026-05-12 02:42:03,101,l:histories['g_mcts_children'],39.7593,0.3898,list,list len=102,0.7948,3.4463,47.9
2026-05-12 02:42:03,101,l:last_X,38.9957,0.0003,Population,Population,0.7948,3.4463,47.9
2026-05-12 02:42:03,101,l:X,38.9957,0.0003,Population,Population,0.7948,3.4463,47.9
2026-05-12 02:42:03,101,l:last_X._X_inst,38.2046,0.0,ndarray,"ndarray shape=(100151, 100) dtype=float32",0.7948,3.4463,47.9
2026-05-12 02:42:03,101,l:X._X_inst,38.2046,0.0,ndarray,"ndarray shape=(100151, 100) dtype=float32",0.7948,3.4463,47.9
2026-05-12 02:42:03,101,l:G,20.539,0.0519,Grammar,Grammar,0.7948,3.4463,47.9
2026-05-12 02:42:03,101,l:G._MCTS_CHILDREN,8.7065,0.0228,dict,dict len=15693,0.7948,3.4463,47.9
2026-05-12 02:42:03,101,l:initialization_kwargs,5.8151,0.0,dict,dict len=15,0.7948,3.4463,47.9
2026-05-12 02:42:03,101,l:initialization_kwargs['grmr_prior'],5.8135,0.0,Grammar,Grammar,0.7948,3.4463,47.9
2026-05-12 02:42:03,101,l:G._MCTS_EDGE_EXPLORE_COUNT,5.4265,0.0097,dict,dict len=44549,0.7948,3.4463,47.9
2026-05-12 02:42:03,101,l:G._MCTS_ALPHA_EDGE_EXPLORE_COUNT,3.6183,0.0069,dict,dict len=42639,0.7948,3.4463,47.9
2026-05-12 02:42:03,101,l:alpha_sensor_by_ctx,2.4565,0.0073,dict,dict len=11673,0.7948,3.4463,47.9
2026-05-12 02:42:03,101,l:G._MCTS_NODE_EXPLORE_COUNT,1.9748,0.004,dict,dict len=15693,0.7948,3.4463,47.9
2026-05-12 02:42:03,101,l:G._MCTS_ALPHA_DECISION_EXPLORE_COUNT,1.5578,0.0031,dict,dict len=16134,0.7948,3.4463,47.9
2026-05-12 02:42:39,102,l:histories,43.8409,0.4253,dict,dict len=37,0.8026,3.4541,47.9
2026-05-12 02:42:39,102,l:histories['g_mcts_children'],40.1491,0.3898,list,list len=103,0.8026,3.4541,47.9
2026-05-12 02:42:39,102,l:last_X,38.9953,-0.0003,Population,Population,0.8026,3.4541,47.9
2026-05-12 02:42:39,102,l:X,38.9953,-0.0003,Population,Population,0.8026,3.4541,47.9
2026-05-12 02:42:39,102,l:last_X._X_inst,38.2046,0.0,ndarray,"ndarray shape=(100151, 100) dtype=float32",0.8026,3.4541,47.9
2026-05-12 02:42:39,102,l:X._X_inst,38.2046,0.0,ndarray,"ndarray shape=(100151, 100) dtype=float32",0.8026,3.4541,47.9
2026-05-12 02:42:39,102,l:G,20.6907,0.1516,Grammar,Grammar,0.8026,3.4541,47.9
2026-05-12 02:42:39,102,l:G._MCTS_CHILDREN,8.7869,0.0804,dict,dict len=15848,0.8026,3.4541,47.9
2026-05-12 02:42:39,102,l:initialization_kwargs,5.8151,0.0,dict,dict len=15,0.8026,3.4541,47.9
2026-05-12 02:42:39,102,l:initialization_kwargs['grmr_prior'],5.8135,0.0,Grammar,Grammar,0.8026,3.4541,47.9
2026-05-12 02:42:39,102,l:G._MCTS_EDGE_EXPLORE_COUNT,5.4748,0.0483,dict,dict len=45101,0.8026,3.4541,47.9
2026-05-12 02:42:39,102,l:G._MCTS_ALPHA_EDGE_EXPLORE_COUNT,3.6424,0.0241,dict,dict len=43073,0.8026,3.4541,47.9
2026-05-12 02:42:39,102,l:alpha_sensor_by_ctx,2.4758,0.0193,dict,dict len=11792,0.8026,3.4541,47.9
2026-05-12 02:42:39,102,l:G._MCTS_NODE_EXPLORE_COUNT,1.993,0.0182,dict,dict len=15848,0.8026,3.4541,47.9
2026-05-12 02:42:39,102,l:G._MCTS_ALPHA_DECISION_EXPLORE_COUNT,1.5677,0.0099,dict,dict len=16295,0.8026,3.4541,47.9
2026-05-12 02:43:17,103,l:histories,44.2662,0.4253,dict,dict len=37,0.8099,3.4614,48.2
2026-05-12 02:43:17,103,l:histories['g_mcts_children'],40.5389,0.3898,list,list len=104,0.8099,3.4614,48.2
2026-05-12 02:43:17,103,l:last_X,38.9954,0.0001,Population,Population,0.8099,3.4614,48.2
2026-05-12 02:43:17,103,l:X,38.9954,0.0001,Population,Population,0.8099,3.4614,48.2
2026-05-12 02:43:17,103,l:last_X._X_inst,38.2046,0.0,ndarray,"ndarray shape=(100151, 100) dtype=float32",0.8099,3.4614,48.2
2026-05-12 02:43:17,103,l:X._X_inst,38.2046,0.0,ndarray,"ndarray shape=(100151, 100) dtype=float32",0.8099,3.4614,48.2
2026-05-12 02:43:17,103,l:G,20.7734,0.0827,Grammar,Grammar,0.8099,3.4614,48.2
2026-05-12 02:43:17,103,l:G._MCTS_CHILDREN,8.8191,0.0322,dict,dict len=15910,0.8099,3.4614,48.2
2026-05-12 02:43:17,103,l:initialization_kwargs,5.8151,0.0,dict,dict len=15,0.8099,3.4614,48.2
2026-05-12 02:43:17,103,l:initialization_kwargs['grmr_prior'],5.8135,0.0,Grammar,Grammar,0.8099,3.4614,48.2
2026-05-12 02:43:17,103,l:G._MCTS_EDGE_EXPLORE_COUNT,5.4894,0.0146,dict,dict len=45323,0.8099,3.4614,48.2
2026-05-12 02:43:17,103,l:G._MCTS_ALPHA_EDGE_EXPLORE_COUNT,3.6651,0.0227,dict,dict len=43481,0.8099,3.4614,48.2
2026-05-12 02:43:17,103,l:alpha_sensor_by_ctx,2.4851,0.0092,dict,dict len=11849,0.8099,3.4614,48.2
2026-05-12 02:43:17,103,l:G._MCTS_NODE_EXPLORE_COUNT,1.9986,0.0056,dict,dict len=15910,0.8099,3.4614,48.2
2026-05-12 02:43:17,103,l:G._MCTS_ALPHA_DECISION_EXPLORE_COUNT,1.572,0.0043,dict,dict len=16365,0.8099,3.4614,48.2
2026-05-12 02:43:47,104,l:histories,44.6915,0.4253,dict,dict len=37,0.8138,3.4653,48.1
2026-05-12 02:43:47,104,l:histories['g_mcts_children'],40.9286,0.3898,list,list len=105,0.8138,3.4653,48.1
2026-05-12 02:43:47,104,l:last_X,38.9953,-0.0001,Population,Population,0.8138,3.4653,48.1
2026-05-12 02:43:47,104,l:X,38.9953,-0.0001,Population,Population,0.8138,3.4653,48.1
2026-05-12 02:43:47,104,l:last_X._X_inst,38.2046,0.0,ndarray,"ndarray shape=(100151, 100) dtype=float32",0.8138,3.4653,48.1
2026-05-12 02:43:47,104,l:X._X_inst,38.2046,0.0,ndarray,"ndarray shape=(100151, 100) dtype=float32",0.8138,3.4653,48.1
2026-05-12 02:43:47,104,l:G,22.1481,1.3747,Grammar,Grammar,0.8138,3.4653,48.1
2026-05-12 02:43:47,104,l:G._MCTS_CHILDREN,8.8835,0.0644,dict,dict len=16034,0.8138,3.4653,48.1
2026-05-12 02:43:47,104,l:initialization_kwargs,5.8151,0.0,dict,dict len=15,0.8138,3.4653,48.1
2026-05-12 02:43:47,104,l:initialization_kwargs['grmr_prior'],5.8135,0.0,Grammar,Grammar,0.8138,3.4653,48.1
2026-05-12 02:43:47,104,l:G._MCTS_EDGE_EXPLORE_COUNT,5.5151,0.0257,dict,dict len=45712,0.8138,3.4653,48.1
2026-05-12 02:43:47,104,l:G._MCTS_ALPHA_EDGE_EXPLORE_COUNT,4.9389,1.2738,dict,dict len=43910,0.8138,3.4653,48.1
2026-05-12 02:43:47,104,l:alpha_sensor_by_ctx,2.5054,0.0204,dict,dict len=11952,0.8138,3.4653,48.1
2026-05-12 02:43:47,104,l:G._MCTS_NODE_EXPLORE_COUNT,2.0097,0.0112,dict,dict len=16034,0.8138,3.4653,48.1
2026-05-12 02:43:47,104,l:G._MCTS_ALPHA_DECISION_EXPLORE_COUNT,1.5804,0.0084,dict,dict len=16501,0.8138,3.4653,48.1
2026-05-12 02:44:17,105,l:histories,45.1168,0.4253,dict,dict len=37,0.8354,3.4872,48.4
2026-05-12 02:44:17,105,l:histories['g_mcts_children'],41.3184,0.3898,list,list len=106,0.8354,3.4872,48.4
2026-05-12 02:44:17,105,l:last_X,38.9953,-0.0,Population,Population,0.8354,3.4872,48.4
2026-05-12 02:44:17,105,l:X,38.9953,-0.0,Population,Population,0.8354,3.4872,48.4
2026-05-12 02:44:17,105,l:last_X._X_inst,38.2046,0.0,ndarray,"ndarray shape=(100151, 100) dtype=float32",0.8354,3.4872,48.4
2026-05-12 02:44:17,105,l:X._X_inst,38.2046,0.0,ndarray,"ndarray shape=(100151, 100) dtype=float32",0.8354,3.4872,48.4
2026-05-12 02:44:17,105,l:G,22.2085,0.0604,Grammar,Grammar,0.8354,3.4872,48.4
2026-05-12 02:44:17,105,l:G._MCTS_CHILDREN,8.911,0.0275,dict,dict len=16087,0.8354,3.4872,48.4
2026-05-12 02:44:17,105,l:initialization_kwargs,7.0651,1.25,dict,dict len=15,0.8354,3.4872,48.4
2026-05-12 02:44:17,105,l:initialization_kwargs['grmr_prior'],7.0635,1.25,Grammar,Grammar,0.8354,3.4872,48.4
2026-05-12 02:44:17,105,l:G._MCTS_EDGE_EXPLORE_COUNT,5.5274,0.0123,dict,dict len=45899,0.8354,3.4872,48.4
2026-05-12 02:44:17,105,l:G._MCTS_ALPHA_EDGE_EXPLORE_COUNT,4.9547,0.0158,dict,dict len=44194,0.8354,3.4872,48.4
2026-05-12 02:44:17,105,l:alpha_sensor_by_ctx,2.5102,0.0048,dict,dict len=12004,0.8354,3.4872,48.4
2026-05-12 02:44:17,105,l:G._MCTS_NODE_EXPLORE_COUNT,2.0145,0.0048,dict,dict len=16087,0.8354,3.4872,48.4
2026-05-12 02:44:17,105,l:G._MCTS_ALPHA_DECISION_EXPLORE_COUNT,1.5852,0.0048,dict,dict len=16578,0.8354,3.4872,48.4
2026-05-12 02:48:14,106,l:histories,45.5421,0.4253,dict,dict len=37,0.8382,3.4898,48.4
2026-05-12 02:48:14,106,l:histories['g_mcts_children'],41.7082,0.3898,list,list len=107,0.8382,3.4898,48.4
2026-05-12 02:48:14,106,l:last_X,38.9966,0.0014,Population,Population,0.8382,3.4898,48.4
2026-05-12 02:48:14,106,l:X,38.9966,0.0014,Population,Population,0.8382,3.4898,48.4
2026-05-12 02:48:14,106,l:last_X._X_inst,38.2046,0.0,ndarray,"ndarray shape=(100151, 100) dtype=float32",0.8382,3.4898,48.4
2026-05-12 02:48:14,106,l:X._X_inst,38.2046,0.0,ndarray,"ndarray shape=(100151, 100) dtype=float32",0.8382,3.4898,48.4
2026-05-12 02:48:14,106,l:G,23.4868,1.2783,Grammar,Grammar,0.8382,3.4898,48.4
2026-05-12 02:48:14,106,l:G._MCTS_CHILDREN,9.6019,0.6909,dict,dict len=17256,0.8382,3.4898,48.4
2026-05-12 02:48:14,106,l:initialization_kwargs,7.0651,0.0,dict,dict len=15,0.8382,3.4898,48.4
2026-05-12 02:48:14,106,l:initialization_kwargs['grmr_prior'],7.0635,0.0,Grammar,Grammar,0.8382,3.4898,48.4
2026-05-12 02:48:14,106,l:G._MCTS_EDGE_EXPLORE_COUNT,5.7642,0.2368,dict,dict len=49690,0.8382,3.4898,48.4
2026-05-12 02:48:14,106,l:G._MCTS_ALPHA_EDGE_EXPLORE_COUNT,5.2338,0.2791,dict,dict len=49219,0.8382,3.4898,48.4
2026-05-12 02:48:14,106,l:alpha_sensor_by_ctx,2.6622,0.152,dict,dict len=12947,0.8382,3.4898,48.4
2026-05-12 02:48:14,106,l:G._MCTS_NODE_EXPLORE_COUNT,2.12,0.1055,dict,dict len=17256,0.8382,3.4898,48.4
2026-05-12 02:48:14,106,l:G._MCTS_ALPHA_DECISION_EXPLORE_COUNT,1.666,0.0808,dict,dict len=17888,0.8382,3.4898,48.4
2026-05-12 02:48:53,107,l:histories,45.9674,0.4253,dict,dict len=37,0.8498,3.5015,48.6
2026-05-12 02:48:53,107,l:histories['g_mcts_children'],42.098,0.3898,list,list len=108,0.8498,3.5015,48.6
2026-05-12 02:48:53,107,l:last_X,38.9955,-0.0011,Population,Population,0.8498,3.5015,48.6
2026-05-12 02:48:53,107,l:X,38.9955,-0.0011,Population,Population,0.8498,3.5015,48.6
2026-05-12 02:48:53,107,l:last_X._X_inst,38.2046,0.0,ndarray,"ndarray shape=(100151, 100) dtype=float32",0.8498,3.5015,48.6
2026-05-12 02:48:53,107,l:X._X_inst,38.2046,0.0,ndarray,"ndarray shape=(100151, 100) dtype=float32",0.8498,3.5015,48.6
2026-05-12 02:48:53,107,l:G,23.5499,0.0631,Grammar,Grammar,0.8498,3.5015,48.6
2026-05-12 02:48:53,107,l:G._MCTS_CHILDREN,9.6307,0.0288,dict,dict len=17311,0.8498,3.5015,48.6
2026-05-12 02:48:53,107,l:initialization_kwargs,7.0651,0.0,dict,dict len=15,0.8498,3.5015,48.6
2026-05-12 02:48:53,107,l:initialization_kwargs['grmr_prior'],7.0635,0.0,Grammar,Grammar,0.8498,3.5015,48.6
2026-05-12 02:48:53,107,l:G._MCTS_EDGE_EXPLORE_COUNT,5.7772,0.013,dict,dict len=49888,0.8498,3.5015,48.6
2026-05-12 02:48:53,107,l:G._MCTS_ALPHA_EDGE_EXPLORE_COUNT,5.2514,0.0176,dict,dict len=49536,0.8498,3.5015,48.6
2026-05-12 02:48:53,107,l:alpha_sensor_by_ctx,2.6689,0.0066,dict,dict len=12988,0.8498,3.5015,48.6
2026-05-12 02:48:53,107,l:G._MCTS_NODE_EXPLORE_COUNT,2.125,0.005,dict,dict len=17311,0.8498,3.5015,48.6
2026-05-12 02:48:53,107,l:G._MCTS_ALPHA_DECISION_EXPLORE_COUNT,1.6698,0.0038,dict,dict len=17950,0.8498,3.5015,48.6
2026-05-12 02:49:21,108,l:histories,46.3979,0.4305,dict,dict len=37,0.8805,3.5324,49.0
2026-05-12 02:49:21,108,l:histories['g_mcts_children'],42.488,0.3899,list,list len=109,0.8805,3.5324,49.0
2026-05-12 02:49:21,108,l:last_X,38.9954,-0.0001,Population,Population,0.8805,3.5324,49.0
2026-05-12 02:49:21,108,l:X,38.9954,-0.0001,Population,Population,0.8805,3.5324,49.0
2026-05-12 02:49:21,108,l:last_X._X_inst,38.2046,0.0,ndarray,"ndarray shape=(100151, 100) dtype=float32",0.8805,3.5324,49.0
2026-05-12 02:49:21,108,l:X._X_inst,38.2046,0.0,ndarray,"ndarray shape=(100151, 100) dtype=float32",0.8805,3.5324,49.0
2026-05-12 02:49:21,108,l:G,23.645,0.0951,Grammar,Grammar,0.8805,3.5324,49.0
2026-05-12 02:49:21,108,l:G._MCTS_CHILDREN,9.6611,0.0304,dict,dict len=17369,0.8805,3.5324,49.0
2026-05-12 02:49:21,108,l:initialization_kwargs,7.0651,0.0,dict,dict len=15,0.8805,3.5324,49.0
2026-05-12 02:49:21,108,l:initialization_kwargs['grmr_prior'],7.0635,0.0,Grammar,Grammar,0.8805,3.5324,49.0
2026-05-12 02:49:21,108,l:G._MCTS_EDGE_EXPLORE_COUNT,5.7888,0.0116,dict,dict len=50065,0.8805,3.5324,49.0
2026-05-12 02:49:21,108,l:G._MCTS_ALPHA_EDGE_EXPLORE_COUNT,5.2638,0.0124,dict,dict len=49759,0.8805,3.5324,49.0
2026-05-12 02:49:21,108,l:alpha_sensor_by_ctx,2.676,0.0072,dict,dict len=13026,0.8805,3.5324,49.0
2026-05-12 02:49:21,108,l:G._MCTS_NODE_EXPLORE_COUNT,2.1256,0.0006,dict,dict len=17369,0.8805,3.5324,49.0
2026-05-12 02:49:21,108,l:G._MCTS_ALPHA_DECISION_EXPLORE_COUNT,1.6776,0.0078,dict,dict len=17999,0.8805,3.5324,49.0
2026-05-12 02:49:48,109,l:histories,46.8234,0.4255,dict,dict len=37,0.8926,3.5445,49.4
2026-05-12 02:49:48,109,l:histories['g_mcts_children'],42.8777,0.3898,list,list len=110,0.8926,3.5445,49.4
2026-05-12 02:49:48,109,l:last_X,38.9954,0.0,Population,Population,0.8926,3.5445,49.4
2026-05-12 02:49:48,109,l:X,38.9954,0.0,Population,Population,0.8926,3.5445,49.4
2026-05-12 02:49:48,109,l:last_X._X_inst,38.2046,0.0,ndarray,"ndarray shape=(100151, 100) dtype=float32",0.8926,3.5445,49.4
2026-05-12 02:49:48,109,l:X._X_inst,38.2046,0.0,ndarray,"ndarray shape=(100151, 100) dtype=float32",0.8926,3.5445,49.4
2026-05-12 02:49:48,109,l:G,23.6967,0.0517,Grammar,Grammar,0.8926,3.5445,49.4
2026-05-12 02:49:48,109,l:G._MCTS_CHILDREN,9.7014,0.0403,dict,dict len=17446,0.8926,3.5445,49.4
2026-05-12 02:49:48,109,l:initialization_kwargs,7.0651,0.0,dict,dict len=15,0.8926,3.5445,49.4
2026-05-12 02:49:48,109,l:initialization_kwargs['grmr_prior'],7.0635,0.0,Grammar,Grammar,0.8926,3.5445,49.4
2026-05-12 02:49:48,109,l:G._MCTS_EDGE_EXPLORE_COUNT,5.8026,0.0138,dict,dict len=50275,0.8926,3.5445,49.4
2026-05-12 02:49:48,109,l:G._MCTS_ALPHA_EDGE_EXPLORE_COUNT,5.2765,0.0127,dict,dict len=49987,0.8926,3.5445,49.4
2026-05-12 02:49:48,109,l:alpha_sensor_by_ctx,2.6843,0.0083,dict,dict len=13077,0.8926,3.5445,49.4
2026-05-12 02:49:48,109,l:G._MCTS_NODE_EXPLORE_COUNT,2.1279,0.0023,dict,dict len=17446,0.8926,3.5445,49.4
2026-05-12 02:49:48,109,l:G._MCTS_ALPHA_DECISION_EXPLORE_COUNT,1.6772,-0.0004,dict,dict len=18070,0.8926,3.5445,49.4
2026-05-12 02:50:29,110,l:histories,47.2487,0.4253,dict,dict len=37,0.8681,3.52,48.9
2026-05-12 02:50:29,110,l:histories['g_mcts_children'],43.2675,0.3898,list,list len=111,0.8681,3.52,48.9
2026-05-12 02:50:29,110,l:last_X,38.9954,0.0,Population,Population,0.8681,3.52,48.9
2026-05-12 02:50:29,110,l:X,38.9954,0.0,Population,Population,0.8681,3.52,48.9
2026-05-12 02:50:29,110,l:last_X._X_inst,38.2046,0.0,ndarray,"ndarray shape=(100151, 100) dtype=float32",0.8681,3.52,48.9
2026-05-12 02:50:29,110,l:X._X_inst,38.2046,0.0,ndarray,"ndarray shape=(100151, 100) dtype=float32",0.8681,3.52,48.9
2026-05-12 02:50:29,110,l:G,23.8495,0.1528,Grammar,Grammar,0.8681,3.52,48.9
2026-05-12 02:50:29,110,l:G._MCTS_CHILDREN,9.7821,0.0807,dict,dict len=17600,0.8681,3.52,48.9
2026-05-12 02:50:29,110,l:initialization_kwargs,7.0651,0.0,dict,dict len=15,0.8681,3.52,48.9
2026-05-12 02:50:29,110,l:initialization_kwargs['grmr_prior'],7.0635,0.0,Grammar,Grammar,0.8681,3.52,48.9
2026-05-12 02:50:29,110,l:G._MCTS_EDGE_EXPLORE_COUNT,5.8322,0.0296,dict,dict len=50725,0.8681,3.52,48.9
2026-05-12 02:50:29,110,l:G._MCTS_ALPHA_EDGE_EXPLORE_COUNT,5.3014,0.0249,dict,dict len=50436,0.8681,3.52,48.9
2026-05-12 02:50:29,110,l:alpha_sensor_by_ctx,2.7043,0.02,dict,dict len=13200,0.8681,3.52,48.9
2026-05-12 02:50:29,110,l:G._MCTS_NODE_EXPLORE_COUNT,2.1417,0.0138,dict,dict len=17600,0.8681,3.52,48.9
2026-05-12 02:50:29,110,l:G._MCTS_ALPHA_DECISION_EXPLORE_COUNT,1.6871,0.0099,dict,dict len=18230,0.8681,3.52,48.9
2026-05-12 02:51:07,111,l:histories,47.674,0.4253,dict,dict len=37,0.8729,3.5249,49.1
2026-05-12 02:51:07,111,l:histories['g_mcts_children'],43.6573,0.3898,list,list len=112,0.8729,3.5249,49.1
2026-05-12 02:51:07,111,l:last_X,38.9953,-0.0001,Population,Population,0.8729,3.5249,49.1
2026-05-12 02:51:07,111,l:X,38.9953,-0.0001,Population,Population,0.8729,3.5249,49.1
2026-05-12 02:51:07,111,l:last_X._X_inst,38.2046,0.0,ndarray,"ndarray shape=(100151, 100) dtype=float32",0.8729,3.5249,49.1
2026-05-12 02:51:07,111,l:X._X_inst,38.2046,0.0,ndarray,"ndarray shape=(100151, 100) dtype=float32",0.8729,3.5249,49.1
2026-05-12 02:51:07,111,l:G,23.9098,0.0603,Grammar,Grammar,0.8729,3.5249,49.1
2026-05-12 02:51:07,111,l:G._MCTS_CHILDREN,9.8051,0.023,dict,dict len=17644,0.8729,3.5249,49.1
2026-05-12 02:51:07,111,l:initialization_kwargs,7.0651,0.0,dict,dict len=15,0.8729,3.5249,49.1
2026-05-12 02:51:07,111,l:initialization_kwargs['grmr_prior'],7.0635,0.0,Grammar,Grammar,0.8729,3.5249,49.1
2026-05-12 02:51:07,111,l:G._MCTS_EDGE_EXPLORE_COUNT,5.8419,0.0097,dict,dict len=50873,0.8729,3.5249,49.1
2026-05-12 02:51:07,111,l:G._MCTS_ALPHA_EDGE_EXPLORE_COUNT,5.3192,0.0178,dict,dict len=50757,0.8729,3.5249,49.1
2026-05-12 02:51:07,111,l:alpha_sensor_by_ctx,2.7093,0.005,dict,dict len=13231,0.8729,3.5249,49.1
2026-05-12 02:51:07,111,l:G._MCTS_NODE_EXPLORE_COUNT,2.1456,0.0039,dict,dict len=17644,0.8729,3.5249,49.1
2026-05-12 02:51:07,111,l:G._MCTS_ALPHA_DECISION_EXPLORE_COUNT,1.6898,0.0027,dict,dict len=18274,0.8729,3.5249,49.1
2026-05-12 02:51:48,112,l:histories,48.0993,0.4253,dict,dict len=37,0.8798,3.5317,49.0
2026-05-12 02:51:48,112,l:histories['g_mcts_children'],44.0471,0.3898,list,list len=113,0.8798,3.5317,49.0
2026-05-12 02:51:48,112,l:last_X,38.9953,0.0,Population,Population,0.8798,3.5317,49.0
2026-05-12 02:51:48,112,l:X,38.9953,0.0,Population,Population,0.8798,3.5317,49.0
2026-05-12 02:51:48,112,l:last_X._X_inst,38.2046,0.0,ndarray,"ndarray shape=(100151, 100) dtype=float32",0.8798,3.5317,49.0
2026-05-12 02:51:48,112,l:X._X_inst,38.2046,0.0,ndarray,"ndarray shape=(100151, 100) dtype=float32",0.8798,3.5317,49.0
2026-05-12 02:51:48,112,l:G,24.0433,0.1335,Grammar,Grammar,0.8798,3.5317,49.0
2026-05-12 02:51:48,112,l:G._MCTS_CHILDREN,9.8643,0.0592,dict,dict len=17757,0.8798,3.5317,49.0
2026-05-12 02:51:48,112,l:initialization_kwargs,7.0651,0.0,dict,dict len=15,0.8798,3.5317,49.0
2026-05-12 02:51:48,112,l:initialization_kwargs['grmr_prior'],7.0635,0.0,Grammar,Grammar,0.8798,3.5317,49.0
2026-05-12 02:51:48,112,l:G._MCTS_EDGE_EXPLORE_COUNT,5.8535,0.0116,dict,dict len=51258,0.8798,3.5317,49.0
2026-05-12 02:51:48,112,l:G._MCTS_ALPHA_EDGE_EXPLORE_COUNT,5.3469,0.0277,dict,dict len=51256,0.8798,3.5317,49.0
2026-05-12 02:51:48,112,l:alpha_sensor_by_ctx,2.7268,0.0175,dict,dict len=13339,0.8798,3.5317,49.0
2026-05-12 02:51:48,112,l:G._MCTS_NODE_EXPLORE_COUNT,2.1558,0.0101,dict,dict len=17757,0.8798,3.5317,49.0
2026-05-12 02:51:48,112,l:G._MCTS_ALPHA_DECISION_EXPLORE_COUNT,1.7038,0.014,dict,dict len=18421,0.8798,3.5317,49.0
2026-05-12 02:52:21,113,l:histories,48.5247,0.4253,dict,dict len=37,0.8837,3.5357,49.1
2026-05-12 02:52:21,113,l:histories['g_mcts_children'],44.4369,0.3898,list,list len=114,0.8837,3.5357,49.1
2026-05-12 02:52:21,113,l:last_X,38.9953,-0.0001,Population,Population,0.8837,3.5357,49.1
2026-05-12 02:52:21,113,l:X,38.9953,-0.0001,Population,Population,0.8837,3.5357,49.1
2026-05-12 02:52:21,113,l:last_X._X_inst,38.2046,0.0,ndarray,"ndarray shape=(100151, 100) dtype=float32",0.8837,3.5357,49.1
2026-05-12 02:52:21,113,l:X._X_inst,38.2046,0.0,ndarray,"ndarray shape=(100151, 100) dtype=float32",0.8837,3.5357,49.1
2026-05-12 02:52:21,113,l:G,24.2586,0.2153,Grammar,Grammar,0.8837,3.5357,49.1
2026-05-12 02:52:21,113,l:G._MCTS_CHILDREN,9.9895,0.1252,dict,dict len=17996,0.8837,3.5357,49.1
2026-05-12 02:52:21,113,l:initialization_kwargs,7.0651,0.0,dict,dict len=15,0.8837,3.5357,49.1
2026-05-12 02:52:21,113,l:initialization_kwargs['grmr_prior'],7.0635,0.0,Grammar,Grammar,0.8837,3.5357,49.1
2026-05-12 02:52:21,113,l:G._MCTS_EDGE_EXPLORE_COUNT,5.9148,0.0613,dict,dict len=51983,0.8837,3.5357,49.1
2026-05-12 02:52:21,113,l:G._MCTS_ALPHA_EDGE_EXPLORE_COUNT,5.3681,0.0212,dict,dict len=51637,0.8837,3.5357,49.1
2026-05-12 02:52:21,113,l:alpha_sensor_by_ctx,2.7572,0.0303,dict,dict len=13526,0.8837,3.5357,49.1
2026-05-12 02:52:21,113,l:G._MCTS_NODE_EXPLORE_COUNT,2.1772,0.0214,dict,dict len=17996,0.8837,3.5357,49.1
2026-05-12 02:52:21,113,l:G._MCTS_ALPHA_DECISION_EXPLORE_COUNT,1.7182,0.0144,dict,dict len=18654,0.8837,3.5357,49.1
2026-05-12 02:53:00,114,l:histories,48.95,0.4253,dict,dict len=37,0.8905,3.5425,49.2
2026-05-12 02:53:00,114,l:histories['g_mcts_children'],44.8267,0.3898,list,list len=115,0.8905,3.5425,49.2
2026-05-12 02:53:00,114,l:last_X,38.9953,0.0,Population,Population,0.8905,3.5425,49.2
2026-05-12 02:53:00,114,l:X,38.9953,0.0,Population,Population,0.8905,3.5425,49.2
2026-05-12 02:53:00,114,l:last_X._X_inst,38.2046,0.0,ndarray,"ndarray shape=(100151, 100) dtype=float32",0.8905,3.5425,49.2
2026-05-12 02:53:00,114,l:X._X_inst,38.2046,0.0,ndarray,"ndarray shape=(100151, 100) dtype=float32",0.8905,3.5425,49.2
2026-05-12 02:53:00,114,l:G,24.343,0.0844,Grammar,Grammar,0.8905,3.5425,49.2
2026-05-12 02:53:00,114,l:G._MCTS_CHILDREN,10.0199,0.0304,dict,dict len=18054,0.8905,3.5425,49.2
2026-05-12 02:53:00,114,l:initialization_kwargs,7.0651,0.0,dict,dict len=15,0.8905,3.5425,49.2
2026-05-12 02:53:00,114,l:initialization_kwargs['grmr_prior'],7.0635,0.0,Grammar,Grammar,0.8905,3.5425,49.2
2026-05-12 02:53:00,114,l:G._MCTS_EDGE_EXPLORE_COUNT,5.9293,0.0145,dict,dict len=52204,0.8905,3.5425,49.2
2026-05-12 02:53:00,114,l:G._MCTS_ALPHA_EDGE_EXPLORE_COUNT,5.3877,0.0196,dict,dict len=51990,0.8905,3.5425,49.2
2026-05-12 02:53:00,114,l:alpha_sensor_by_ctx,2.7674,0.0102,dict,dict len=13589,0.8905,3.5425,49.2
2026-05-12 02:53:00,114,l:G._MCTS_NODE_EXPLORE_COUNT,2.1824,0.0052,dict,dict len=18054,0.8905,3.5425,49.2
2026-05-12 02:53:00,114,l:G._MCTS_ALPHA_DECISION_EXPLORE_COUNT,1.7238,0.0056,dict,dict len=18744,0.8905,3.5425,49.2
